timestamp,subcarrier_index,I,Q,magnitude,phase_deg
726.915532,0,0,0,0.0,0.0
726.915532,1,-17,3,17.263,169.992
726.915532,2,-19,4,19.416,168.111
726.915532,3,-19,3,19.235,171.027
726.915532,4,-18,2,18.111,173.66
726.915532,5,-16,2,16.125,172.875
726.915532,6,-13,1,13.038,175.601
726.915532,7,-11,-1,11.045,-174.806
726.915532,8,-8,0,8.0,180.0
726.915532,9,-4,1,4.123,165.964
726.915532,10,-1,2,2.236,116.565
726.915532,11,-1,2,2.236,116.565
726.915532,12,0,2,2.0,90.0
726.915532,13,2,4,4.472,63.435
726.915532,14,4,6,7.211,56.31
726.915532,15,5,8,9.434,57.995
726.915532,16,4,9,9.849,66.038
726.915532,17,3,9,9.487,71.565
726.915532,18,1,10,10.05,84.289
726.915532,19,0,11,11.0,90.0
726.915532,20,-1,11,11.045,95.194
726.915532,21,-2,9,9.22,102.529
726.915532,22,-3,6,6.708,116.565
726.915532,23,-3,6,6.708,116.565
726.915532,24,-3,5,5.831,120.964
726.915532,25,-4,1,4.123,165.964
726.915532,26,-4,0,4.0,180.0
726.915532,27,0,0,0.0,0.0
726.915532,28,0,0,0.0,0.0
726.915532,29,0,0,0.0,0.0
726.915532,30,0,0,0.0,0.0
726.915532,31,0,0,0.0,0.0
726.915532,32,0,0,0.0,0.0
726.915532,33,0,0,0.0,0.0
726.915532,34,0,0,0.0,0.0
726.915532,35,0,0,0.0,0.0
726.915532,36,0,0,0.0,0.0
726.915532,37,0,0,0.0,0.0
726.915532,38,4,-5,6.403,-51.34
726.915532,39,4,-5,6.403,-51.34
726.915532,40,4,-5,6.403,-51.34
726.915532,41,3,-5,5.831,-59.036
726.915532,42,3,-6,6.708,-63.435
726.915532,43,1,-8,8.062,-82.875
726.915532,44,0,-10,10.0,-90.0
726.915532,45,1,-13,13.038,-85.601
726.915532,46,2,-15,15.133,-82.405
726.915532,47,2,-15,15.133,-82.405
726.915532,48,2,-14,14.142,-81.87
726.915532,49,3,-14,14.318,-77.905
726.915532,50,3,-14,14.318,-77.905
726.915532,51,4,-14,14.56,-74.055
726.915532,52,3,-14,14.318,-77.905
726.915532,53,2,-13,13.153,-81.254
726.915532,54,0,-12,12.0,-90.0
726.915532,55,-1,-10,10.05,-95.711
726.915532,56,-1,-9,9.055,-96.34
726.915532,57,-3,-7,7.616,-113.199
726.915532,58,-5,-4,6.403,-141.34
726.915532,59,-6,-1,6.083,-170.538
726.915532,60,-8,2,8.246,165.964
726.915532,61,-10,2,10.198,168.69
726.915532,62,-13,3,13.342,167.005
726.915532,63,-14,4,14.56,164.055
727.265852,0,0,0,0.0,0.0
727.265852,1,-2,4,4.472,116.565
727.265852,2,-2,5,5.385,111.801
727.265852,3,-1,6,6.083,99.462
727.265852,4,0,7,7.0,90.0
727.265852,5,0,9,9.0,90.0
727.265852,6,-1,9,9.055,96.34
727.265852,7,0,9,9.0,90.0
727.265852,8,2,9,9.22,77.471
727.265852,9,1,11,11.045,84.806
727.265852,10,2,12,12.166,80.538
727.265852,11,3,12,12.369,75.964
727.265852,12,4,12,12.649,71.565
727.265852,13,6,13,14.318,65.225
727.265852,14,7,13,14.765,61.699
727.265852,15,8,14,16.125,60.255
727.265852,16,9,14,16.643,57.265
727.265852,17,9,15,17.493,59.036
727.265852,18,10,16,18.868,57.995
727.265852,19,10,18,20.591,60.945
727.265852,20,10,18,20.591,60.945
727.265852,21,9,18,20.125,63.435
727.265852,22,6,18,18.974,71.565
727.265852,23,3,17,17.263,79.992
727.265852,24,2,17,17.117,83.29
727.265852,25,1,16,16.031,86.424
727.265852,26,2,15,15.133,82.405
727.265852,27,0,0,0.0,0.0
727.265852,28,0,0,0.0,0.0
727.265852,29,0,0,0.0,0.0
727.265852,30,0,0,0.0,0.0
727.265852,31,0,0,0.0,0.0
727.265852,32,0,0,0.0,0.0
727.265852,33,0,0,0.0,0.0
727.265852,34,0,0,0.0,0.0
727.265852,35,0,0,0.0,0.0
727.265852,36,0,0,0.0,0.0
727.265852,37,0,0,0.0,0.0
727.265852,38,5,-11,12.083,-65.556
727.265852,39,4,-10,10.77,-68.199
727.265852,40,3,-9,9.487,-71.565
727.265852,41,2,-8,8.246,-75.964
727.265852,42,3,-9,9.487,-71.565
727.265852,43,3,-11,11.402,-74.745
727.265852,44,3,-10,10.44,-73.301
727.265852,45,3,-9,9.487,-71.565
727.265852,46,3,-9,9.487,-71.565
727.265852,47,2,-9,9.22,-77.471
727.265852,48,1,-9,9.055,-83.66
727.265852,49,1,-8,8.062,-82.875
727.265852,50,1,-7,7.071,-81.87
727.265852,51,0,-5,5.0,-90.0
727.265852,52,0,-4,4.0,-90.0
727.265852,53,-1,-3,3.162,-108.435
727.265852,54,-1,-3,3.162,-108.435
727.265852,55,-2,-3,3.606,-123.69
727.265852,56,-2,-2,2.828,-135.0
727.265852,57,-2,-1,2.236,-153.435
727.265852,58,-3,0,3.0,180.0
727.265852,59,-4,0,4.0,180.0
727.265852,60,-4,0,4.0,180.0
727.265852,61,-4,0,4.0,180.0
727.265852,62,-4,1,4.123,165.964
727.265852,63,-4,2,4.472,153.435
727.368268,0,0,0,0.0,0.0
727.368268,1,6,-1,6.083,-9.462
727.368268,2,6,-2,6.325,-18.435
727.368268,3,5,-4,6.403,-38.66
727.368268,4,6,-6,8.485,-45.0
727.368268,5,7,-7,9.899,-45.0
727.368268,6,7,-8,10.63,-48.814
727.368268,7,7,-8,10.63,-48.814
727.368268,8,6,-10,11.662,-59.036
727.368268,9,5,-12,13.0,-67.38
727.368268,10,5,-13,13.928,-68.962
727.368268,11,7,-14,15.652,-63.435
727.368268,12,8,-14,16.125,-60.255
727.368268,13,7,-14,15.652,-63.435
727.368268,14,6,-16,17.088,-69.444
727.368268,15,6,-18,18.974,-71.565
727.368268,16,7,-20,21.19,-70.71
727.368268,17,9,-20,21.932,-65.772
727.368268,18,10,-19,21.471,-62.241
727.368268,19,9,-20,21.932,-65.772
727.368268,20,8,-21,22.472,-69.146
727.368268,21,9,-21,22.847,-66.801
727.368268,22,10,-19,21.471,-62.241
727.368268,23,11,-17,20.248,-57.095
727.368268,24,11,-16,19.416,-55.491
727.368268,25,10,-16,18.868,-57.995
727.368268,26,10,-17,19.723,-59.534
727.368268,27,0,0,0.0,0.0
727.368268,28,0,0,0.0,0.0
727.368268,29,0,0,0.0,0.0
727.368268,30,0,0,0.0,0.0
727.368268,31,0,0,0.0,0.0
727.368268,32,0,0,0.0,0.0
727.368268,33,0,0,0.0,0.0
727.368268,34,0,0,0.0,0.0
727.368268,35,0,0,0.0,0.0
727.368268,36,0,0,0.0,0.0
727.368268,37,0,0,0.0,0.0
727.368268,38,-12,-3,12.369,-165.964
727.368268,39,-12,-3,12.369,-165.964
727.368268,40,-11,-1,11.045,-174.806
727.368268,41,-11,-1,11.045,-174.806
727.368268,42,-12,-1,12.042,-175.236
727.368268,43,-12,-2,12.166,-170.538
727.368268,44,-11,-2,11.18,-169.695
727.368268,45,-9,-3,9.487,-161.565
727.368268,46,-8,-1,8.062,-172.875
727.368268,47,-7,0,7.0,180.0
727.368268,48,-6,0,6.0,180.0
727.368268,49,-7,0,7.0,180.0
727.368268,50,-7,1,7.071,171.87
727.368268,51,-6,-1,6.083,-170.538
727.368268,52,-5,-2,5.385,-158.199
727.368268,53,-3,-1,3.162,-161.565
727.368268,54,-2,-1,2.236,-153.435
727.368268,55,-1,0,1.0,180.0
727.368268,56,1,0,1.0,0.0
727.368268,57,2,0,2.0,0.0
727.368268,58,2,0,2.0,0.0
727.368268,59,2,-1,2.236,-26.565
727.368268,60,3,0,3.0,0.0
727.368268,61,4,1,4.123,14.036
727.368268,62,5,2,5.385,21.801
727.368268,63,4,2,4.472,26.565
727.573133,0,0,0,0.0,0.0
727.573133,1,5,4,6.403,38.66
727.573133,2,7,1,7.071,8.13
727.573133,3,8,-2,8.246,-14.036
727.573133,4,8,-2,8.246,-14.036
727.573133,5,10,-4,10.77,-21.801
727.573133,6,10,-5,11.18,-26.565
727.573133,7,10,-3,10.44,-16.699
727.573133,8,9,-5,10.296,-29.055
727.573133,9,10,-8,12.806,-38.66
727.573133,10,12,-10,15.62,-39.806
727.573133,11,12,-10,15.62,-39.806
727.573133,12,10,-9,13.454,-41.987
727.573133,13,10,-10,14.142,-45.0
727.573133,14,12,-12,16.971,-45.0
727.573133,15,14,-12,18.439,-40.601
727.573133,16,16,-12,20.0,-36.87
727.573133,17,18,-12,21.633,-33.69
727.573133,18,19,-11,21.954,-30.069
727.573133,19,18,-12,21.633,-33.69
727.573133,20,18,-13,22.204,-35.838
727.573133,21,19,-12,22.472,-32.276
727.573133,22,20,-10,22.361,-26.565
727.573133,23,19,-9,21.024,-25.346
727.573133,24,17,-8,18.788,-25.201
727.573133,25,15,-7,16.553,-25.017
727.573133,26,14,-6,15.232,-23.199
727.573133,27,0,0,0.0,0.0
727.573133,28,0,0,0.0,0.0
727.573133,29,0,0,0.0,0.0
727.573133,30,0,0,0.0,0.0
727.573133,31,0,0,0.0,0.0
727.573133,32,0,0,0.0,0.0
727.573133,33,0,0,0.0,0.0
727.573133,34,0,0,0.0,0.0
727.573133,35,0,0,0.0,0.0
727.573133,36,0,0,0.0,0.0
727.573133,37,0,0,0.0,0.0
727.573133,38,-12,-1,12.042,-175.236
727.573133,39,-11,-1,11.045,-174.806
727.573133,40,-9,-2,9.22,-167.471
727.573133,41,-10,-3,10.44,-163.301
727.573133,42,-11,-3,11.402,-164.745
727.573133,43,-11,-2,11.18,-169.695
727.573133,44,-10,-3,10.44,-163.301
727.573133,45,-9,-3,9.487,-161.565
727.573133,46,-7,-2,7.28,-164.055
727.573133,47,-5,-1,5.099,-168.69
727.573133,48,-3,0,3.0,180.0
727.573133,49,-4,0,4.0,180.0
727.573133,50,-6,0,6.0,180.0
727.573133,51,-6,0,6.0,180.0
727.573133,52,-5,0,5.0,180.0
727.573133,53,-4,1,4.123,165.964
727.573133,54,-3,0,3.0,180.0
727.573133,55,0,-1,1.0,-90.0
727.573133,56,1,0,1.0,0.0
727.573133,57,0,1,1.0,90.0
727.573133,58,0,0,0.0,0.0
727.573133,59,2,1,2.236,26.565
727.573133,60,3,3,4.243,45.0
727.573133,61,4,3,5.0,36.87
727.573133,62,5,2,5.385,21.801
727.573133,63,4,2,4.472,26.565
727.619243,0,0,0,0.0,0.0
727.619243,1,-5,-4,6.403,-141.34
727.619243,2,-6,-5,7.81,-140.194
727.619243,3,-7,-2,7.28,-164.055
727.619243,4,-8,1,8.062,172.875
727.619243,5,-11,1,11.045,174.806
727.619243,6,-12,1,12.042,175.236
727.619243,7,-12,1,12.042,175.236
727.619243,8,-13,-1,13.038,-175.601
727.619243,9,-14,1,14.036,175.914
727.619243,10,-15,1,15.033,176.186
727.619243,11,-14,1,14.036,175.914
727.619243,12,-15,6,16.155,158.199
727.619243,13,-16,9,18.358,150.642
727.619243,14,-17,9,19.235,152.103
727.619243,15,-18,10,20.591,150.945
727.619243,16,-19,12,22.472,147.724
727.619243,17,-20,11,22.825,151.189
727.619243,18,-21,11,23.707,152.354
727.619243,19,-21,12,24.187,150.255
727.619243,20,-22,10,24.166,155.556
727.619243,21,-24,8,25.298,161.565
727.619243,22,-24,7,25.0,163.74
727.619243,23,-22,6,22.804,164.745
727.619243,24,-21,5,21.587,166.608
727.619243,25,-20,6,20.881,163.301
727.619243,26,-20,6,20.881,163.301
727.619243,27,0,0,0.0,0.0
727.619243,28,0,0,0.0,0.0
727.619243,29,0,0,0.0,0.0
727.619243,30,0,0,0.0,0.0
727.619243,31,0,0,0.0,0.0
727.619243,32,0,0,0.0,0.0
727.619243,33,0,0,0.0,0.0
727.619243,34,0,0,0.0,0.0
727.619243,35,0,0,0.0,0.0
727.619243,36,0,0,0.0,0.0
727.619243,37,0,0,0.0,0.0
727.619243,38,11,10,14.866,42.274
727.619243,39,10,9,13.454,41.987
727.619243,40,9,7,11.402,37.875
727.619243,41,9,7,11.402,37.875
727.619243,42,8,6,10.0,36.87
727.619243,43,7,7,9.899,45.0
727.619243,44,7,7,9.899,45.0
727.619243,45,6,7,9.22,49.399
727.619243,46,6,6,8.485,45.0
727.619243,47,5,4,6.403,38.66
727.619243,48,6,2,6.325,18.435
727.619243,49,7,3,7.616,23.199
727.619243,50,7,3,7.616,23.199
727.619243,51,6,2,6.325,18.435
727.619243,52,4,2,4.472,26.565
727.619243,53,2,2,2.828,45.0
727.619243,54,1,1,1.414,45.0
727.619243,55,1,0,1.0,0.0
727.619243,56,1,-1,1.414,-45.0
727.619243,57,0,-2,2.0,-90.0
727.619243,58,-2,-3,3.606,-123.69
727.619243,59,-3,-4,5.0,-126.87
727.619243,60,-3,-5,5.831,-120.964
727.619243,61,-3,-6,6.708,-116.565
727.619243,62,-4,-6,7.211,-123.69
727.619243,63,-6,-4,7.211,-146.31
727.677421,0,0,0,0.0,0.0
727.677421,1,1,-6,6.083,-80.538
727.677421,2,1,-7,7.071,-81.87
727.677421,3,1,-8,8.062,-82.875
727.677421,4,0,-9,9.0,-90.0
727.677421,5,-1,-9,9.055,-96.34
727.677421,6,-2,-11,11.18,-100.305
727.677421,7,-4,-12,12.649,-108.435
727.677421,8,-5,-11,12.083,-114.444
727.677421,9,-5,-9,10.296,-119.055
727.677421,10,-7,-8,10.63,-131.186
727.677421,11,-8,-9,12.042,-131.634
727.677421,12,-8,-12,14.422,-123.69
727.677421,13,-9,-14,16.643,-122.735
727.677421,14,-10,-14,17.205,-125.538
727.677421,15,-12,-15,19.209,-128.66
727.677421,16,-13,-16,20.616,-129.094
727.677421,17,-14,-16,21.26,-131.186
727.677421,18,-13,-16,20.616,-129.094
727.677421,19,-14,-16,21.26,-131.186
727.677421,20,-15,-16,21.932,-133.152
727.677421,21,-13,-17,21.401,-127.405
727.677421,22,-11,-19,21.954,-120.069
727.677421,23,-10,-19,21.471,-117.759
727.677421,24,-9,-17,19.235,-117.897
727.677421,25,-9,-15,17.493,-120.964
727.677421,26,-9,-15,17.493,-120.964
727.677421,27,0,0,0.0,0.0
727.677421,28,0,0,0.0,0.0
727.677421,29,0,0,0.0,0.0
727.677421,30,0,0,0.0,0.0
727.677421,31,0,0,0.0,0.0
727.677421,32,0,0,0.0,0.0
727.677421,33,0,0,0.0,0.0
727.677421,34,0,0,0.0,0.0
727.677421,35,0,0,0.0,0.0
727.677421,36,0,0,0.0,0.0
727.677421,37,0,0,0.0,0.0
727.677421,38,-9,10,13.454,131.987
727.677421,39,-8,10,12.806,128.66
727.677421,40,-6,9,10.817,123.69
727.677421,41,-5,8,9.434,122.005
727.677421,42,-5,9,10.296,119.055
727.677421,43,-7,8,10.63,131.186
727.677421,44,-7,8,10.63,131.186
727.677421,45,-7,6,9.22,139.399
727.677421,46,-7,5,8.602,144.462
727.677421,47,-5,4,6.403,141.34
727.677421,48,-3,5,5.831,120.964
727.677421,49,-2,6,6.325,108.435
727.677421,50,-3,5,5.831,120.964
727.677421,51,-4,4,5.657,135.0
727.677421,52,-3,3,4.243,135.0
727.677421,53,-2,2,2.828,135.0
727.677421,54,-1,2,2.236,116.565
727.677421,55,0,1,1.0,90.0
727.677421,56,1,-1,1.414,-45.0
727.677421,57,1,-2,2.236,-63.435
727.677421,58,1,-2,2.236,-63.435
727.677421,59,1,-2,2.236,-63.435
727.677421,60,2,-2,2.828,-45.0
727.677421,61,2,-3,3.606,-56.31
727.677421,62,2,-5,5.385,-68.199
727.677421,63,3,-6,6.708,-63.435
727.880664,0,0,0,0.0,0.0
727.880664,1,-5,8,9.434,122.005
727.880664,2,-4,7,8.062,119.745
727.880664,3,-2,6,6.325,108.435
727.880664,4,0,6,6.0,90.0
727.880664,5,2,7,7.28,74.055
727.880664,6,1,9,9.055,83.66
727.880664,7,-1,11,11.045,95.194
727.880664,8,0,11,11.0,90.0
727.880664,9,1,12,12.042,85.236
727.880664,10,3,14,14.318,77.905
727.880664,11,4,14,14.56,74.055
727.880664,12,5,12,13.0,67.38
727.880664,13,6,12,13.416,63.435
727.880664,14,7,14,15.652,63.435
727.880664,15,8,15,17.0,61.928
727.880664,16,9,17,19.235,62.103
727.880664,17,10,18,20.591,60.945
727.880664,18,9,17,19.235,62.103
727.880664,19,8,17,18.788,64.799
727.880664,20,8,18,19.698,66.038
727.880664,21,8,18,19.698,66.038
727.880664,22,6,19,19.925,72.474
727.880664,23,4,20,20.396,78.69
727.880664,24,3,19,19.235,81.027
727.880664,25,2,17,17.117,83.29
727.880664,26,2,16,16.125,82.875
727.880664,27,0,0,0.0,0.0
727.880664,28,0,0,0.0,0.0
727.880664,29,0,0,0.0,0.0
727.880664,30,0,0,0.0,0.0
727.880664,31,0,0,0.0,0.0
727.880664,32,0,0,0.0,0.0
727.880664,33,0,0,0.0,0.0
727.880664,34,0,0,0.0,0.0
727.880664,35,0,0,0.0,0.0
727.880664,36,0,0,0.0,0.0
727.880664,37,0,0,0.0,0.0
727.880664,38,7,-9,11.402,-52.125
727.880664,39,7,-9,11.402,-52.125
727.880664,40,5,-8,9.434,-57.995
727.880664,41,4,-9,9.849,-66.038
727.880664,42,5,-9,10.296,-60.945
727.880664,43,6,-10,11.662,-59.036
727.880664,44,7,-9,11.402,-52.125
727.880664,45,7,-7,9.899,-45.0
727.880664,46,4,-7,8.062,-60.255
727.880664,47,1,-7,7.071,-81.87
727.880664,48,2,-6,6.325,-71.565
727.880664,49,3,-6,6.708,-63.435
727.880664,50,4,-5,6.403,-51.34
727.880664,51,3,-5,5.831,-59.036
727.880664,52,2,-4,4.472,-63.435
727.880664,53,2,-1,2.236,-26.565
727.880664,54,1,-1,1.414,-45.0
727.880664,55,0,-1,1.0,-90.0
727.880664,56,-1,-1,1.414,-135.0
727.880664,57,-3,-1,3.162,-161.565
727.880664,58,-4,0,4.0,180.0
727.880664,59,-4,1,4.123,165.964
727.880664,60,-3,3,4.243,135.0
727.880664,61,0,5,5.0,90.0
727.880664,62,1,6,6.083,80.538
727.880664,63,1,5,5.099,78.69
727.983043,0,0,0,0.0,0.0
727.983043,1,-6,-4,7.211,-146.31
727.983043,2,-6,-3,6.708,-153.435
727.983043,3,-6,-1,6.083,-170.538
727.983043,4,-8,1,8.062,172.875
727.983043,5,-8,2,8.246,165.964
727.983043,6,-10,2,10.198,168.69
727.983043,7,-13,1,13.038,175.601
727.983043,8,-13,2,13.153,171.254
727.983043,9,-13,4,13.601,162.897
727.983043,10,-14,7,15.652,153.435
727.983043,11,-14,9,16.643,147.265
727.983043,12,-14,9,16.643,147.265
727.983043,13,-14,9,16.643,147.265
727.983043,14,-14,10,17.205,144.462
727.983043,15,-16,12,20.0,143.13
727.983043,16,-18,12,21.633,146.31
727.983043,17,-16,11,19.416,145.491
727.983043,18,-15,10,18.028,146.31
727.983043,19,-18,10,20.591,150.945
727.983043,20,-19,9,21.024,154.654
727.983043,21,-19,9,21.024,154.654
727.983043,22,-20,9,21.932,155.772
727.983043,23,-19,8,20.616,157.166
727.983043,24,-18,8,19.698,156.038
727.983043,25,-19,8,20.616,157.166
727.983043,26,-21,8,22.472,159.146
727.983043,27,0,0,0.0,0.0
727.983043,28,0,0,0.0,0.0
727.983043,29,0,0,0.0,0.0
727.983043,30,0,0,0.0,0.0
727.983043,31,0,0,0.0,0.0
727.983043,32,0,0,0.0,0.0
727.983043,33,0,0,0.0,0.0
727.983043,34,0,0,0.0,0.0
727.983043,35,0,0,0.0,0.0
727.983043,36,0,0,0.0,0.0
727.983043,37,0,0,0.0,0.0
727.983043,38,12,3,12.369,14.036
727.983043,39,11,3,11.402,15.255
727.983043,40,10,3,10.44,16.699
727.983043,41,9,3,9.487,18.435
727.983043,42,9,4,9.849,23.962
727.983043,43,8,6,10.0,36.87
727.983043,44,6,7,9.22,49.399
727.983043,45,3,7,7.616,66.801
727.983043,46,3,7,7.616,66.801
727.983043,47,5,7,8.602,54.462
727.983043,48,4,4,5.657,45.0
727.983043,49,4,3,5.0,36.87
727.983043,50,6,3,6.708,26.565
727.983043,51,6,2,6.325,18.435
727.983043,52,4,0,4.0,0.0
727.983043,53,3,0,3.0,0.0
727.983043,54,0,0,0.0,0.0
727.983043,55,-1,-1,1.414,-135.0
727.983043,56,0,-2,2.0,-90.0
727.983043,57,0,-2,2.0,-90.0
727.983043,58,0,-3,3.0,-90.0
727.983043,59,-1,-3,3.162,-108.435
727.983043,60,-3,-2,3.606,-146.31
727.983043,61,-4,-2,4.472,-153.435
727.983043,62,-4,-2,4.472,-153.435
727.983043,63,-3,-1,3.162,-161.565
729.212787,0,0,0,0.0,0.0
729.212787,1,11,-10,14.866,-42.274
729.212787,2,11,-9,14.213,-39.289
729.212787,3,11,-9,14.213,-39.289
729.212787,4,11,-9,14.213,-39.289
729.212787,5,11,-9,14.213,-39.289
729.212787,6,11,-8,13.601,-36.027
729.212787,7,11,-9,14.213,-39.289
729.212787,8,11,-9,14.213,-39.289
729.212787,9,10,-9,13.454,-41.987
729.212787,10,10,-9,13.454,-41.987
729.212787,11,10,-10,14.142,-45.0
729.212787,12,11,-10,14.866,-42.274
729.212787,13,11,-9,14.213,-39.289
729.212787,14,11,-10,14.866,-42.274
729.212787,15,12,-10,15.62,-39.806
729.212787,16,12,-10,15.62,-39.806
729.212787,17,12,-10,15.62,-39.806
729.212787,18,13,-10,16.401,-37.569
729.212787,19,13,-9,15.811,-34.695
729.212787,20,13,-9,15.811,-34.695
729.212787,21,12,-8,14.422,-33.69
729.212787,22,12,-8,14.422,-33.69
729.212787,23,12,-7,13.892,-30.256
729.212787,24,12,-7,13.892,-30.256
729.212787,25,11,-7,13.038,-32.471
729.212787,26,11,-6,12.53,-28.61
729.212787,27,0,0,0.0,0.0
729.212787,28,0,0,0.0,0.0
729.212787,29,0,0,0.0,0.0
729.212787,30,0,0,0.0,0.0
729.212787,31,0,0,0.0,0.0
729.212787,32,0,0,0.0,0.0
729.212787,33,0,0,0.0,0.0
729.212787,34,0,0,0.0,0.0
729.212787,35,0,0,0.0,0.0
729.212787,36,0,0,0.0,0.0
729.212787,37,0,0,0.0,0.0
729.212787,38,4,-6,7.211,-56.31
729.212787,39,5,-5,7.071,-45.0
729.212787,40,5,-5,7.071,-45.0
729.212787,41,5,-5,7.071,-45.0
729.212787,42,6,-4,7.211,-33.69
729.212787,43,6,-3,6.708,-26.565
729.212787,44,6,-3,6.708,-26.565
729.212787,45,6,-4,7.211,-33.69
729.212787,46,7,-3,7.616,-23.199
729.212787,47,7,-4,8.062,-29.745
729.212787,48,7,-4,8.062,-29.745
729.212787,49,8,-5,9.434,-32.005
729.212787,50,8,-4,8.944,-26.565
729.212787,51,8,-5,9.434,-32.005
729.212787,52,8,-5,9.434,-32.005
729.212787,53,9,-5,10.296,-29.055
729.212787,54,9,-5,10.296,-29.055
729.212787,55,10,-6,11.662,-30.964
729.212787,56,10,-6,11.662,-30.964
729.212787,57,10,-6,11.662,-30.964
729.212787,58,10,-6,11.662,-30.964
729.212787,59,11,-8,13.601,-36.027
729.212787,60,11,-9,14.213,-39.289
729.212787,61,11,-9,14.213,-39.289
729.212787,62,12,-10,15.62,-39.806
729.212787,63,12,-11,16.279,-42.51
729.470176,0,0,0,0.0,0.0
729.470176,1,4,9,9.849,66.038
729.470176,2,4,9,9.849,66.038
729.470176,3,4,9,9.849,66.038
729.470176,4,4,8,8.944,63.435
729.470176,5,4,8,8.944,63.435
729.470176,6,2,9,9.22,77.471
729.470176,7,2,8,8.246,75.964
729.470176,8,1,8,8.062,82.875
729.470176,9,0,8,8.0,90.0
729.470176,10,-1,7,7.071,98.13
729.470176,11,-2,8,8.246,104.036
729.470176,12,-2,7,7.28,105.945
729.470176,13,-2,7,7.28,105.945
729.470176,14,-2,7,7.28,105.945
729.470176,15,-2,6,6.325,108.435
729.470176,16,-2,5,5.385,111.801
729.470176,17,-2,4,4.472,116.565
729.470176,18,-2,4,4.472,116.565
729.470176,19,-3,3,4.243,135.0
729.470176,20,-3,3,4.243,135.0
729.470176,21,-3,3,4.243,135.0
729.470176,22,-3,2,3.606,146.31
729.470176,23,-4,1,4.123,165.964
729.470176,24,-5,1,5.099,168.69
729.470176,25,-4,1,4.123,165.964
729.470176,26,-5,1,5.099,168.69
729.470176,27,0,0,0.0,0.0
729.470176,28,0,0,0.0,0.0
729.470176,29,0,0,0.0,0.0
729.470176,30,0,0,0.0,0.0
729.470176,31,0,0,0.0,0.0
729.470176,32,0,0,0.0,0.0
729.470176,33,0,0,0.0,0.0
729.470176,34,0,0,0.0,0.0
729.470176,35,0,0,0.0,0.0
729.470176,36,0,0,0.0,0.0
729.470176,37,0,0,0.0,0.0
729.470176,38,6,4,7.211,33.69
729.470176,39,5,5,7.071,45.0
729.470176,40,5,5,7.071,45.0
729.470176,41,4,5,6.403,51.34
729.470176,42,4,6,7.211,56.31
729.470176,43,4,7,8.062,60.255
729.470176,44,3,7,7.616,66.801
729.470176,45,3,9,9.487,71.565
729.470176,46,2,10,10.198,78.69
729.470176,47,2,9,9.22,77.471
729.470176,48,1,9,9.055,83.66
729.470176,49,1,10,10.05,84.289
729.470176,50,2,10,10.198,78.69
729.470176,51,1,9,9.055,83.66
729.470176,52,1,9,9.055,83.66
729.470176,53,1,9,9.055,83.66
729.470176,54,1,9,9.055,83.66
729.470176,55,1,8,8.062,82.875
729.470176,56,0,8,8.0,90.0
729.470176,57,0,8,8.0,90.0
729.470176,58,0,9,9.0,90.0
729.470176,59,-1,9,9.055,96.34
729.470176,60,-1,10,10.05,95.711
729.470176,61,-1,10,10.05,95.711
729.470176,62,-1,11,11.045,95.194
729.470176,63,-1,11,11.045,95.194
729.674555,0,0,0,0.0,0.0
729.674555,1,9,5,10.296,29.055
729.674555,2,10,5,11.18,26.565
729.674555,3,10,5,11.18,26.565
729.674555,4,10,5,11.18,26.565
729.674555,5,11,5,12.083,24.444
729.674555,6,11,5,12.083,24.444
729.674555,7,11,5,12.083,24.444
729.674555,8,11,5,12.083,24.444
729.674555,9,11,5,12.083,24.444
729.674555,10,12,4,12.649,18.435
729.674555,11,11,3,11.402,15.255
729.674555,12,12,2,12.166,9.462
729.674555,13,13,1,13.038,4.399
729.674555,14,14,0,14.0,0.0
729.674555,15,14,-1,14.036,-4.086
729.674555,16,13,-3,13.342,-12.995
729.674555,17,13,-5,13.928,-21.038
729.674555,18,14,-6,15.232,-23.199
729.674555,19,13,-6,14.318,-24.775
729.674555,20,13,-7,14.765,-28.301
729.674555,21,13,-7,14.765,-28.301
729.674555,22,12,-7,13.892,-30.256
729.674555,23,11,-7,13.038,-32.471
729.674555,24,11,-7,13.038,-32.471
729.674555,25,12,-6,13.416,-26.565
729.674555,26,12,-5,13.0,-22.62
729.674555,27,0,0,0.0,0.0
729.674555,28,0,0,0.0,0.0
729.674555,29,0,0,0.0,0.0
729.674555,30,0,0,0.0,0.0
729.674555,31,0,0,0.0,0.0
729.674555,32,0,0,0.0,0.0
729.674555,33,0,0,0.0,0.0
729.674555,34,0,0,0.0,0.0
729.674555,35,0,0,0.0,0.0
729.674555,36,0,0,0.0,0.0
729.674555,37,0,0,0.0,0.0
729.674555,38,3,2,3.606,33.69
729.674555,39,2,3,3.606,56.31
729.674555,40,1,4,4.123,75.964
729.674555,41,1,4,4.123,75.964
729.674555,42,0,4,4.0,90.0
729.674555,43,-1,5,5.099,101.31
729.674555,44,-1,5,5.099,101.31
729.674555,45,-1,5,5.099,101.31
729.674555,46,-1,6,6.083,99.462
729.674555,47,-1,5,5.099,101.31
729.674555,48,-1,5,5.099,101.31
729.674555,49,-1,6,6.083,99.462
729.674555,50,0,6,6.0,90.0
729.674555,51,0,6,6.0,90.0
729.674555,52,0,6,6.0,90.0
729.674555,53,1,7,7.071,81.87
729.674555,54,1,8,8.062,82.875
729.674555,55,2,7,7.28,74.055
729.674555,56,2,9,9.22,77.471
729.674555,57,3,9,9.487,71.565
729.674555,58,3,8,8.544,69.444
729.674555,59,4,9,9.849,66.038
729.674555,60,6,10,11.662,59.036
729.674555,61,7,11,13.038,57.529
729.674555,62,7,11,13.038,57.529
729.674555,63,8,11,13.601,53.973
729.674742,0,0,0,0.0,0.0
729.674742,1,3,8,8.544,69.444
729.674742,2,2,10,10.198,78.69
729.674742,3,-2,12,12.166,99.462
729.674742,4,-2,15,15.133,97.595
729.674742,5,2,17,17.117,83.29
729.674742,6,2,19,19.105,83.991
729.674742,7,-2,19,19.105,96.009
729.674742,8,-3,14,14.318,102.095
729.674742,9,0,11,11.0,90.0
729.674742,10,4,13,13.601,72.897
729.674742,11,5,15,15.811,71.565
729.674742,12,6,16,17.088,69.444
729.674742,13,8,16,17.889,63.435
729.674742,14,7,15,16.553,64.983
729.674742,15,8,18,19.698,66.038
729.674742,16,10,22,24.166,65.556
729.674742,17,12,20,23.324,59.036
729.674742,18,15,17,22.672,48.576
729.674742,19,17,16,23.345,43.264
729.674742,20,17,17,24.042,45.0
729.674742,21,17,17,24.042,45.0
729.674742,22,15,15,21.213,45.0
729.674742,23,13,13,18.385,45.0
729.674742,24,14,12,18.439,40.601
729.674742,25,15,11,18.601,36.254
729.674742,26,15,10,18.028,33.69
729.674742,27,0,0,0.0,0.0
729.674742,28,0,0,0.0,0.0
729.674742,29,0,0,0.0,0.0
729.674742,30,0,0,0.0,0.0
729.674742,31,0,0,0.0,0.0
729.674742,32,0,0,0.0,0.0
729.674742,33,0,0,0.0,0.0
729.674742,34,0,0,0.0,0.0
729.674742,35,0,0,0.0,0.0
729.674742,36,0,0,0.0,0.0
729.674742,37,0,0,0.0,0.0
729.674742,38,9,5,10.296,29.055
729.674742,39,8,5,9.434,32.005
729.674742,40,5,7,8.602,54.462
729.674742,41,4,6,7.211,56.31
729.674742,42,4,5,6.403,51.34
729.674742,43,3,5,5.831,59.036
729.674742,44,4,6,7.211,56.31
729.674742,45,3,8,8.544,69.444
729.674742,46,1,7,7.071,81.87
729.674742,47,-1,6,6.083,99.462
729.674742,48,0,5,5.0,90.0
729.674742,49,4,2,4.472,26.565
729.674742,50,5,1,5.099,11.31
729.674742,51,3,5,5.831,59.036
729.674742,52,-1,6,6.083,99.462
729.674742,53,-3,3,4.243,135.0
729.674742,54,-2,3,3.606,123.69
729.674742,55,-2,4,4.472,116.565
729.674742,56,0,7,7.0,90.0
729.674742,57,0,9,9.0,90.0
729.674742,58,-3,9,9.487,108.435
729.674742,59,-6,8,10.0,126.87
729.674742,60,-6,6,8.485,135.0
729.674742,61,-5,5,7.071,135.0
729.674742,62,-5,8,9.434,122.005
729.674742,63,-3,9,9.487,108.435
729.885437,0,0,0,0.0,0.0
729.885437,1,-18,5,18.682,164.476
729.885437,2,-18,5,18.682,164.476
729.885437,3,-19,5,19.647,165.256
729.885437,4,-18,4,18.439,167.471
729.885437,5,-18,2,18.111,173.66
729.885437,6,-16,0,16.0,180.0
729.885437,7,-12,0,12.0,180.0
729.885437,8,-9,-1,9.055,-173.66
729.885437,9,-6,1,6.083,170.538
729.885437,10,-3,4,5.0,126.87
729.885437,11,-1,3,3.162,108.435
729.885437,12,1,2,2.236,63.435
729.885437,13,4,4,5.657,45.0
729.885437,14,6,6,8.485,45.0
729.885437,15,5,9,10.296,60.945
729.885437,16,4,10,10.77,68.199
729.885437,17,5,9,10.296,60.945
729.885437,18,4,9,9.849,66.038
729.885437,19,3,9,9.487,71.565
729.885437,20,1,9,9.055,83.66
729.885437,21,0,9,9.0,90.0
729.885437,22,-1,9,9.055,96.34
729.885437,23,-1,7,7.071,98.13
729.885437,24,-1,5,5.099,101.31
729.885437,25,-3,3,4.243,135.0
729.885437,26,-7,3,7.616,156.801
729.885437,27,0,0,0.0,0.0
729.885437,28,0,0,0.0,0.0
729.885437,29,0,0,0.0,0.0
729.885437,30,0,0,0.0,0.0
729.885437,31,0,0,0.0,0.0
729.885437,32,0,0,0.0,0.0
729.885437,33,0,0,0.0,0.0
729.885437,34,0,0,0.0,0.0
729.885437,35,0,0,0.0,0.0
729.885437,36,0,0,0.0,0.0
729.885437,37,0,0,0.0,0.0
729.885437,38,8,1,8.062,7.125
729.885437,39,8,0,8.0,0.0
729.885437,40,7,-1,7.071,-8.13
729.885437,41,5,-2,5.385,-21.801
729.885437,42,4,-4,5.657,-45.0
729.885437,43,4,-5,6.403,-51.34
729.885437,44,5,-8,9.434,-57.995
729.885437,45,5,-11,12.083,-65.556
729.885437,46,7,-12,13.892,-59.744
729.885437,47,8,-13,15.264,-58.392
729.885437,48,8,-13,15.264,-58.392
729.885437,49,9,-13,15.811,-55.305
729.885437,50,9,-14,16.643,-57.265
729.885437,51,8,-16,17.889,-63.435
729.885437,52,8,-15,17.0,-61.928
729.885437,53,7,-13,14.765,-61.699
729.885437,54,5,-11,12.083,-65.556
729.885437,55,3,-10,10.44,-73.301
729.885437,56,2,-9,9.22,-77.471
729.885437,57,-1,-8,8.062,-97.125
729.885437,58,-3,-7,7.616,-113.199
729.885437,59,-3,-5,5.831,-120.964
729.885437,60,-5,-1,5.099,-168.69
729.885437,61,-10,1,10.05,174.289
729.885437,62,-15,2,15.133,172.405
729.885437,63,-15,3,15.297,168.69
729.918675,0,0,0,0.0,0.0
729.918675,1,7,1,7.071,8.13
729.918675,2,10,3,10.44,16.699
729.918675,3,13,4,13.601,17.103
729.918675,4,14,5,14.866,19.654
729.918675,5,14,5,14.866,19.654
729.918675,6,14,5,14.866,19.654
729.918675,7,14,5,14.866,19.654
729.918675,8,15,3,15.297,11.31
729.918675,9,18,2,18.111,6.34
729.918675,10,21,1,21.024,2.726
729.918675,11,20,0,20.0,0.0
729.918675,12,20,0,20.0,0.0
729.918675,13,21,0,21.0,0.0
729.918675,14,22,0,22.0,0.0
729.918675,15,23,-1,23.022,-2.49
729.918675,16,24,-1,24.021,-2.386
729.918675,17,24,0,24.0,0.0
729.918675,18,23,0,23.0,0.0
729.918675,19,23,-2,23.087,-4.97
729.918675,20,25,-3,25.179,-6.843
729.918675,21,25,-1,25.02,-2.291
729.918675,22,23,2,23.087,4.97
729.918675,23,21,2,21.095,5.44
729.918675,24,21,0,21.0,0.0
729.918675,25,21,-2,21.095,-5.44
729.918675,26,20,-2,20.1,-5.711
729.918675,27,0,0,0.0,0.0
729.918675,28,0,0,0.0,0.0
729.918675,29,0,0,0.0,0.0
729.918675,30,0,0,0.0,0.0
729.918675,31,0,0,0.0,0.0
729.918675,32,0,0,0.0,0.0
729.918675,33,0,0,0.0,0.0
729.918675,34,0,0,0.0,0.0
729.918675,35,0,0,0.0,0.0
729.918675,36,0,0,0.0,0.0
729.918675,37,0,0,0.0,0.0
729.918675,38,-2,-10,10.198,-101.31
729.918675,39,1,-10,10.05,-84.289
729.918675,40,4,-10,10.77,-68.199
729.918675,41,4,-9,9.849,-66.038
729.918675,42,2,-6,6.325,-71.565
729.918675,43,2,-6,6.325,-71.565
729.918675,44,3,-6,6.708,-63.435
729.918675,45,3,-4,5.0,-53.13
729.918675,46,3,-2,3.606,-33.69
729.918675,47,3,-3,4.243,-45.0
729.918675,48,3,-4,5.0,-53.13
729.918675,49,2,-3,3.606,-56.31
729.918675,50,1,-4,4.123,-75.964
729.918675,51,1,-3,3.162,-71.565
729.918675,52,1,-2,2.236,-63.435
729.918675,53,1,-2,2.236,-63.435
729.918675,54,-1,-3,3.162,-108.435
729.918675,55,-1,-3,3.162,-108.435
729.918675,56,1,-1,1.414,-45.0
729.918675,57,2,0,2.0,0.0
729.918675,58,3,1,3.162,18.435
729.918675,59,6,1,6.083,9.462
729.918675,60,8,2,8.246,14.036
729.918675,61,8,3,8.544,20.556
729.918675,62,7,3,7.616,23.199
729.918675,63,9,3,9.487,18.435
729.919038,0,0,0,0.0,0.0
729.919038,1,6,3,6.708,26.565
729.919038,2,3,0,3.0,0.0
729.919038,3,2,-4,4.472,-63.435
729.919038,4,1,-8,8.062,-82.875
729.919038,5,1,-10,10.05,-84.289
729.919038,6,0,-11,11.0,-90.0
729.919038,7,1,-13,13.038,-85.601
729.919038,8,1,-16,16.031,-86.424
729.919038,9,1,-18,18.028,-86.82
729.919038,10,2,-18,18.111,-83.66
729.919038,11,3,-17,17.263,-79.992
729.919038,12,4,-15,15.524,-75.069
729.919038,13,5,-13,13.928,-68.962
729.919038,14,5,-12,13.0,-67.38
729.919038,15,4,-10,10.77,-68.199
729.919038,16,3,-9,9.487,-71.565
729.919038,17,2,-7,7.28,-74.055
729.919038,18,1,-6,6.083,-80.538
729.919038,19,-1,-5,5.099,-101.31
729.919038,20,-3,-3,4.243,-135.0
729.919038,21,-4,-3,5.0,-143.13
729.919038,22,-4,-3,5.0,-143.13
729.919038,23,-5,-3,5.831,-149.036
729.919038,24,-6,-3,6.708,-153.435
729.919038,25,-6,-4,7.211,-146.31
729.919038,26,-6,-5,7.81,-140.194
729.919038,27,0,0,0.0,0.0
729.919038,28,0,0,0.0,0.0
729.919038,29,0,0,0.0,0.0
729.919038,30,0,0,0.0,0.0
729.919038,31,0,0,0.0,0.0
729.919038,32,0,0,0.0,0.0
729.919038,33,0,0,0.0,0.0
729.919038,34,0,0,0.0,0.0
729.919038,35,0,0,0.0,0.0
729.919038,36,0,0,0.0,0.0
729.919038,37,0,0,0.0,0.0
729.919038,38,-6,12,13.416,116.565
729.919038,39,-8,13,15.264,121.608
729.919038,40,-11,14,17.804,128.157
729.919038,41,-14,13,19.105,137.121
729.919038,42,-14,11,17.804,141.843
729.919038,43,-13,10,16.401,142.431
729.919038,44,-12,9,15.0,143.13
729.919038,45,-10,8,12.806,141.34
729.919038,46,-8,8,11.314,135.0
729.919038,47,-8,9,12.042,131.634
729.919038,48,-9,8,12.042,138.366
729.919038,49,-6,6,8.485,135.0
729.919038,50,-1,5,5.099,101.31
729.919038,51,3,8,8.544,69.444
729.919038,52,6,9,10.817,56.31
729.919038,53,9,7,11.402,37.875
729.919038,54,11,7,13.038,32.471
729.919038,55,13,8,15.264,31.608
729.919038,56,14,10,17.205,35.538
729.919038,57,14,12,18.439,40.601
729.919038,58,16,11,19.416,34.509
729.919038,59,16,9,18.358,29.358
729.919038,60,16,9,18.358,29.358
729.919038,61,15,9,17.493,30.964
729.919038,62,13,8,15.264,31.608
729.919038,63,12,8,14.422,33.69
729.919393,0,0,0,0.0,0.0
729.919393,1,2,-6,6.325,-71.565
729.919393,2,0,-5,5.0,-90.0
729.919393,3,-4,-4,5.657,-135.0
729.919393,4,-9,-4,9.849,-156.038
729.919393,5,-14,-2,14.142,-171.87
729.919393,6,-17,-2,17.117,-173.29
729.919393,7,-18,-3,18.248,-170.538
729.919393,8,-19,-4,19.416,-168.111
729.919393,9,-21,-4,21.378,-169.216
729.919393,10,-21,-5,21.587,-166.608
729.919393,11,-20,-6,20.881,-163.301
729.919393,12,-18,-6,18.974,-161.565
729.919393,13,-15,-6,16.155,-158.199
729.919393,14,-12,-6,13.416,-153.435
729.919393,15,-12,-6,13.416,-153.435
729.919393,16,-11,-6,12.53,-151.39
729.919393,17,-8,-5,9.434,-147.995
729.919393,18,-5,-3,5.831,-149.036
729.919393,19,-3,-2,3.606,-146.31
729.919393,20,-3,0,3.0,180.0
729.919393,21,-2,2,2.828,135.0
729.919393,22,-3,2,3.606,146.31
729.919393,23,-4,3,5.0,143.13
729.919393,24,-6,4,7.211,146.31
729.919393,25,-6,5,7.81,140.194
729.919393,26,-6,3,6.708,153.435
729.919393,27,0,0,0.0,0.0
729.919393,28,0,0,0.0,0.0
729.919393,29,0,0,0.0,0.0
729.919393,30,0,0,0.0,0.0
729.919393,31,0,0,0.0,0.0
729.919393,32,0,0,0.0,0.0
729.919393,33,0,0,0.0,0.0
729.919393,34,0,0,0.0,0.0
729.919393,35,0,0,0.0,0.0
729.919393,36,0,0,0.0,0.0
729.919393,37,0,0,0.0,0.0
729.919393,38,11,7,13.038,32.471
729.919393,39,13,8,15.264,31.608
729.919393,40,13,11,17.029,40.236
729.919393,41,12,14,18.439,49.399
729.919393,42,12,15,19.209,51.34
729.919393,43,10,16,18.868,57.995
729.919393,44,8,15,17.0,61.928
729.919393,45,8,13,15.264,58.392
729.919393,46,8,11,13.601,53.973
729.919393,47,7,9,11.402,52.125
729.919393,48,6,7,9.22,49.399
729.919393,49,7,5,8.602,35.538
729.919393,50,7,1,7.071,8.13
729.919393,51,8,-2,8.246,-14.036
729.919393,52,9,-4,9.849,-23.962
729.919393,53,9,-6,10.817,-33.69
729.919393,54,10,-9,13.454,-41.987
729.919393,55,12,-12,16.971,-45.0
729.919393,56,13,-15,19.849,-49.086
729.919393,57,13,-17,21.401,-52.595
729.919393,58,11,-18,21.095,-58.57
729.919393,59,12,-18,21.633,-56.31
729.919393,60,13,-18,22.204,-54.162
729.919393,61,13,-16,20.616,-50.906
729.919393,62,10,-14,17.205,-54.462
729.919393,63,10,-13,16.401,-52.431
729.937253,0,0,0,0.0,0.0
729.937253,1,-7,-10,12.207,-124.992
729.937253,2,-8,-11,13.601,-126.027
729.937253,3,-8,-14,16.125,-119.745
729.937253,4,-9,-17,19.235,-117.897
729.937253,5,-7,-19,20.248,-110.225
729.937253,6,-5,-19,19.647,-104.744
729.937253,7,-5,-18,18.682,-105.524
729.937253,8,-5,-17,17.72,-106.39
729.937253,9,-4,-14,14.56,-105.945
729.937253,10,-4,-13,13.601,-107.103
729.937253,11,-3,-12,12.369,-104.036
729.937253,12,-2,-11,11.18,-100.305
729.937253,13,-2,-8,8.246,-104.036
729.937253,14,-3,-5,5.831,-120.964
729.937253,15,-3,-3,4.243,-135.0
729.937253,16,-4,-1,4.123,-165.964
729.937253,17,-5,0,5.0,180.0
729.937253,18,-5,0,5.0,180.0
729.937253,19,-6,2,6.325,161.565
729.937253,20,-7,2,7.28,164.055
729.937253,21,-9,1,9.055,173.66
729.937253,22,-9,0,9.0,180.0
729.937253,23,-9,0,9.0,180.0
729.937253,24,-8,-1,8.062,-172.875
729.937253,25,-8,-2,8.246,-165.964
729.937253,26,-8,-2,8.246,-165.964
729.937253,27,0,0,0.0,0.0
729.937253,28,0,0,0.0,0.0
729.937253,29,0,0,0.0,0.0
729.937253,30,0,0,0.0,0.0
729.937253,31,0,0,0.0,0.0
729.937253,32,0,0,0.0,0.0
729.937253,33,0,0,0.0,0.0
729.937253,34,0,0,0.0,0.0
729.937253,35,0,0,0.0,0.0
729.937253,36,0,0,0.0,0.0
729.937253,37,0,0,0.0,0.0
729.937253,38,4,14,14.56,74.055
729.937253,39,1,12,12.042,85.236
729.937253,40,0,11,11.0,90.0
729.937253,41,1,11,11.045,84.806
729.937253,42,1,9,9.055,83.66
729.937253,43,0,6,6.0,90.0
729.937253,44,2,4,4.472,63.435
729.937253,45,6,3,6.708,26.565
729.937253,46,7,4,8.062,29.745
729.937253,47,8,4,8.944,26.565
729.937253,48,10,3,10.44,16.699
729.937253,49,12,4,12.649,18.435
729.937253,50,15,4,15.524,14.931
729.937253,51,15,4,15.524,14.931
729.937253,52,15,3,15.297,11.31
729.937253,53,15,3,15.297,11.31
729.937253,54,15,3,15.297,11.31
729.937253,55,16,3,16.279,10.62
729.937253,56,15,2,15.133,7.595
729.937253,57,14,0,14.0,0.0
729.937253,58,13,0,13.0,0.0
729.937253,59,10,1,10.05,5.711
729.937253,60,8,0,8.0,0.0
729.937253,61,6,-4,7.211,-33.69
729.937253,62,3,-6,6.708,-63.435
729.937253,63,0,-6,6.0,-90.0
730.03483,0,0,0,0.0,0.0
730.03483,1,6,9,10.817,56.31
730.03483,2,7,9,11.402,52.125
730.03483,3,7,10,12.207,55.008
730.03483,4,7,12,13.892,59.744
730.03483,5,8,13,15.264,58.392
730.03483,6,9,12,15.0,53.13
730.03483,7,8,10,12.806,51.34
730.03483,8,8,9,12.042,48.366
730.03483,9,11,7,13.038,32.471
730.03483,10,13,7,14.765,28.301
730.03483,11,15,9,17.493,30.964
730.03483,12,17,11,20.248,32.905
730.03483,13,16,11,19.416,34.509
730.03483,14,15,11,18.601,36.254
730.03483,15,15,13,19.849,40.914
730.03483,16,15,13,19.849,40.914
730.03483,17,15,12,19.209,38.66
730.03483,18,15,10,18.028,33.69
730.03483,19,16,9,18.358,29.358
730.03483,20,17,9,19.235,27.897
730.03483,21,17,10,19.723,30.466
730.03483,22,16,12,20.0,36.87
730.03483,23,14,12,18.439,40.601
730.03483,24,15,12,19.209,38.66
730.03483,25,16,11,19.416,34.509
730.03483,26,17,10,19.723,30.466
730.03483,27,0,0,0.0,0.0
730.03483,28,0,0,0.0,0.0
730.03483,29,0,0,0.0,0.0
730.03483,30,0,0,0.0,0.0
730.03483,31,0,0,0.0,0.0
730.03483,32,0,0,0.0,0.0
730.03483,33,0,0,0.0,0.0
730.03483,34,0,0,0.0,0.0
730.03483,35,0,0,0.0,0.0
730.03483,36,0,0,0.0,0.0
730.03483,37,0,0,0.0,0.0
730.03483,38,5,-9,10.296,-60.945
730.03483,39,7,-6,9.22,-40.601
730.03483,40,8,-3,8.544,-20.556
730.03483,41,9,-1,9.055,-6.34
730.03483,42,8,-2,8.246,-14.036
730.03483,43,6,-3,6.708,-26.565
730.03483,44,5,-2,5.385,-21.801
730.03483,45,5,0,5.0,0.0
730.03483,46,5,0,5.0,0.0
730.03483,47,4,-1,4.123,-14.036
730.03483,48,3,0,3.0,0.0
730.03483,49,2,1,2.236,26.565
730.03483,50,3,1,3.162,18.435
730.03483,51,4,1,4.123,14.036
730.03483,52,3,0,3.0,0.0
730.03483,53,2,-1,2.236,-26.565
730.03483,54,1,-2,2.236,-63.435
730.03483,55,1,-2,2.236,-63.435
730.03483,56,1,0,1.0,0.0
730.03483,57,0,2,2.0,90.0
730.03483,58,0,2,2.0,90.0
730.03483,59,1,2,2.236,63.435
730.03483,60,3,3,4.243,45.0
730.03483,61,4,6,7.211,56.31
730.03483,62,3,7,7.616,66.801
730.03483,63,3,7,7.616,66.801
730.225984,0,0,0,0.0,0.0
730.225984,1,-9,-7,11.402,-142.125
730.225984,2,-9,-8,12.042,-138.366
730.225984,3,-10,-9,13.454,-138.013
730.225984,4,-10,-9,13.454,-138.013
730.225984,5,-10,-9,13.454,-138.013
730.225984,6,-10,-10,14.142,-135.0
730.225984,7,-11,-10,14.866,-137.726
730.225984,8,-12,-10,15.62,-140.194
730.225984,9,-13,-10,16.401,-142.431
730.225984,10,-14,-10,17.205,-144.462
730.225984,11,-15,-9,17.493,-149.036
730.225984,12,-16,-9,18.358,-150.642
730.225984,13,-16,-9,18.358,-150.642
730.225984,14,-18,-9,20.125,-153.435
730.225984,15,-19,-9,21.024,-154.654
730.225984,16,-19,-9,21.024,-154.654
730.225984,17,-20,-9,21.932,-155.772
730.225984,18,-20,-9,21.932,-155.772
730.225984,19,-19,-9,21.024,-154.654
730.225984,20,-19,-8,20.616,-157.166
730.225984,21,-19,-8,20.616,-157.166
730.225984,22,-19,-7,20.248,-159.775
730.225984,23,-18,-7,19.313,-158.749
730.225984,24,-18,-6,18.974,-161.565
730.225984,25,-17,-6,18.028,-160.56
730.225984,26,-17,-5,17.72,-163.61
730.225984,27,0,0,0.0,0.0
730.225984,28,0,0,0.0,0.0
730.225984,29,0,0,0.0,0.0
730.225984,30,0,0,0.0,0.0
730.225984,31,0,0,0.0,0.0
730.225984,32,0,0,0.0,0.0
730.225984,33,0,0,0.0,0.0
730.225984,34,0,0,0.0,0.0
730.225984,35,0,0,0.0,0.0
730.225984,36,0,0,0.0,0.0
730.225984,37,0,0,0.0,0.0
730.225984,38,-7,6,9.22,139.399
730.225984,39,-7,6,9.22,139.399
730.225984,40,-7,5,8.602,144.462
730.225984,41,-7,5,8.602,144.462
730.225984,42,-7,4,8.062,150.255
730.225984,43,-7,3,7.616,156.801
730.225984,44,-7,2,7.28,164.055
730.225984,45,-6,2,6.325,161.565
730.225984,46,-6,2,6.325,161.565
730.225984,47,-5,2,5.385,158.199
730.225984,48,-5,1,5.099,168.69
730.225984,49,-4,1,4.123,165.964
730.225984,50,-4,0,4.0,180.0
730.225984,51,-3,0,3.0,180.0
730.225984,52,-3,1,3.162,161.565
730.225984,53,-3,0,3.0,180.0
730.225984,54,-4,-1,4.123,-165.964
730.225984,55,-4,-1,4.123,-165.964
730.225984,56,-4,-2,4.472,-153.435
730.225984,57,-4,-3,5.0,-143.13
730.225984,58,-4,-3,5.0,-143.13
730.225984,59,-5,-4,6.403,-141.34
730.225984,60,-5,-5,7.071,-135.0
730.225984,61,-5,-6,7.81,-129.806
730.225984,62,-5,-6,7.81,-129.806
730.225984,63,-5,-7,8.602,-125.538
