timestamp,subcarrier_index,I,Q,magnitude,phase
5.0139,0,-16,4,16.492,165.96
5.0139,1,0,-11,11.0,-90.0
5.0139,2,-25,-14,28.653,-150.75
5.0139,3,-17,-1,17.029,-176.63
5.0139,4,-23,-13,26.42,-150.52
5.0139,5,-17,-20,26.249,-130.36
5.0139,6,-26,-12,28.636,-155.22
5.0139,7,-25,-14,28.653,-150.75
5.0139,8,-16,-13,20.616,-140.91
5.0139,9,-19,-19,26.87,-135.0
5.0139,10,-18,-15,23.431,-140.19
5.0139,11,-19,-11,21.954,-149.93
5.0139,12,-16,-11,19.416,-145.49
5.0139,13,-13,-11,17.029,-139.76
5.0139,14,-13,-8,15.264,-148.39
5.0139,15,-15,-17,22.672,-131.42
5.0139,16,-12,-13,17.692,-132.71
5.0139,17,-14,-11,17.804,-141.84
5.0139,18,-15,-6,16.155,-158.2
5.0139,19,-11,-13,17.029,-130.24
5.0139,20,-13,-16,20.616,-129.09
5.0139,21,-8,-10,12.806,-128.66
5.0139,22,-9,-13,15.811,-124.7
5.0139,23,-7,-12,13.892,-120.26
5.0139,24,-6,-12,13.416,-116.57
5.0139,25,-9,-8,12.042,-138.37
5.0139,26,-6,0,6.0,180.0
5.0139,27,0,0,0.0,0.0
5.0139,28,0,0,0.0,0.0
5.0139,29,0,0,0.0,0.0
5.0139,30,0,0,0.0,0.0
5.0139,31,0,0,0.0,0.0
5.0139,32,0,0,0.0,0.0
5.0139,33,0,0,0.0,0.0
5.0139,34,0,0,0.0,0.0
5.0139,35,0,0,0.0,0.0
5.0139,36,0,0,0.0,0.0
5.0139,37,0,-14,14.0,-90.0
5.0139,38,-21,-11,23.707,-152.35
5.0139,39,-23,-12,25.942,-152.45
5.0139,40,-22,-12,25.06,-151.39
5.0139,41,-24,-8,25.298,-161.57
5.0139,42,-24,-5,24.515,-168.23
5.0139,43,-25,-8,26.249,-162.26
5.0139,44,-27,-1,27.019,-177.88
5.0139,45,-25,-4,25.318,-170.91
5.0139,46,-27,-4,27.295,-171.57
5.0139,47,-25,-5,25.495,-168.69
5.0139,48,-25,-7,25.962,-164.36
5.0139,49,-26,-3,26.173,-173.42
5.0139,50,-22,-4,22.361,-169.7
5.0139,51,-21,-3,21.213,-171.87
5.0139,52,-24,-9,25.632,-159.44
5.0139,53,-24,-2,24.083,-175.24
5.0139,54,-21,-10,23.259,-154.54
5.0139,55,-23,-6,23.77,-165.38
5.0139,56,-22,-7,23.087,-162.35
5.0139,57,-23,-7,24.042,-163.07
5.0139,58,-23,-13,26.42,-150.52
5.0139,59,-19,-4,19.416,-168.11
5.0139,60,-25,-16,29.682,-147.38
5.0139,61,-22,-12,25.06,-151.39
5.0139,62,-21,-7,22.136,-161.57
5.8353,0,-16,4,16.492,165.96
5.8353,1,0,2,2.0,90.0
5.8353,2,16,17,23.345,46.74
5.8353,3,9,10,13.454,48.01
5.8353,4,17,7,18.385,22.38
5.8353,5,5,11,12.083,65.56
5.8353,6,12,11,16.279,42.51
5.8353,7,11,8,13.601,36.03
5.8353,8,11,10,14.866,42.27
5.8353,9,11,12,16.279,47.49
5.8353,10,6,7,9.22,49.4
5.8353,11,8,7,10.63,41.19
5.8353,12,5,12,13.0,67.38
5.8353,13,5,11,12.083,65.56
5.8353,14,5,10,11.18,63.43
5.8353,15,2,7,7.28,74.05
5.8353,16,9,14,16.643,57.26
5.8353,17,2,9,9.22,77.47
5.8353,18,7,6,9.22,40.6
5.8353,19,3,6,6.708,63.43
5.8353,20,2,9,9.22,77.47
5.8353,21,2,9,9.22,77.47
5.8353,22,1,12,12.042,85.24
5.8353,23,1,12,12.042,85.24
5.8353,24,3,9,9.487,71.57
5.8353,25,4,13,13.601,72.9
5.8353,26,8,0,8.0,0.0
5.8353,27,0,0,0.0,0.0
5.8353,28,0,0,0.0,0.0
5.8353,29,0,0,0.0,0.0
5.8353,30,0,0,0.0,0.0
5.8353,31,0,0,0.0,0.0
5.8353,32,0,0,0.0,0.0
5.8353,33,0,0,0.0,0.0
5.8353,34,0,0,0.0,0.0
5.8353,35,0,0,0.0,0.0
5.8353,36,0,0,0.0,0.0
5.8353,37,0,19,19.0,90.0
5.8353,38,16,17,23.345,46.74
5.8353,39,21,15,25.807,35.54
5.8353,40,20,17,26.249,40.36
5.8353,41,22,16,27.203,36.03
5.8353,42,21,12,24.187,29.74
5.8353,43,21,8,22.472,20.85
5.8353,44,23,11,25.495,25.56
5.8353,45,25,9,26.571,19.8
5.8353,46,26,8,27.203,17.1
5.8353,47,23,9,24.698,21.37
5.8353,48,22,14,26.077,32.47
5.8353,49,23,10,25.08,23.5
5.8353,50,25,8,26.249,17.74
5.8353,51,23,6,23.77,14.62
5.8353,52,22,12,25.06,28.61
5.8353,53,24,6,24.739,14.04
5.8353,54,18,9,20.125,26.57
5.8353,55,24,8,25.298,18.43
5.8353,56,23,5,23.537,12.26
5.8353,57,25,7,25.962,15.64
5.8353,58,24,6,24.739,14.04
5.8353,59,23,10,25.08,23.5
5.8353,60,16,7,17.464,23.63
5.8353,61,28,6,28.636,12.09
5.8353,62,20,15,25.0,36.87
12.8763,0,-80,8,80.399,174.29
12.8763,1,0,-18,18.0,-90.0
12.8763,2,10,6,11.662,30.96
12.8763,3,0,7,7.0,90.0
12.8763,4,14,-5,14.866,-19.65
12.8763,5,28,2,28.071,4.09
12.8763,6,30,12,32.311,21.8
12.8763,7,24,-3,24.187,-7.13
12.8763,8,24,10,26.0,22.62
12.8763,9,25,7,25.962,15.64
12.8763,10,13,8,15.264,31.61
12.8763,11,19,13,23.022,34.38
12.8763,12,14,12,18.439,40.6
12.8763,13,9,15,17.493,59.04
12.8763,14,17,13,21.401,37.41
12.8763,15,13,10,16.401,37.57
12.8763,16,15,6,16.155,21.8
12.8763,17,9,4,9.849,23.96
12.8763,18,12,-3,12.369,-14.04
12.8763,19,9,-3,9.487,-18.43
12.8763,20,5,-5,7.071,-45.0
12.8763,21,4,-7,8.062,-60.26
12.8763,22,3,-8,8.544,-69.44
12.8763,23,0,-13,13.0,-90.0
12.8763,24,-8,-14,16.125,-119.74
12.8763,25,-9,-19,21.024,-115.35
12.8763,26,-12,0,12.0,180.0
12.8763,27,0,0,0.0,0.0
12.8763,28,0,0,0.0,0.0
12.8763,29,0,0,0.0,0.0
12.8763,30,0,0,0.0,0.0
12.8763,31,0,0,0.0,0.0
12.8763,32,0,0,0.0,0.0
12.8763,33,0,0,0.0,0.0
12.8763,34,0,0,0.0,0.0
12.8763,35,0,0,0.0,0.0
12.8763,36,0,0,0.0,0.0
12.8763,37,0,4,4.0,90.0
12.8763,38,-4,6,7.211,123.69
12.8763,39,-4,11,11.705,109.98
12.8763,40,-9,13,15.811,124.7
12.8763,41,-5,15,15.811,108.43
12.8763,42,-9,23,24.698,111.37
12.8763,43,-10,26,27.857,111.04
12.8763,44,-10,27,28.792,110.32
12.8763,45,-9,26,27.514,109.09
12.8763,46,-6,24,24.739,104.04
12.8763,47,0,19,19.0,90.0
12.8763,48,3,6,6.708,63.43
12.8763,49,4,-5,6.403,-51.34
12.8763,50,-1,-5,5.099,-101.31
12.8763,51,-2,-11,11.18,-100.3
12.8763,52,-4,-12,12.649,-108.43
12.8763,53,-9,-17,19.235,-117.9
12.8763,54,-6,-24,24.739,-104.04
12.8763,55,-10,-27,28.792,-110.32
12.8763,56,-9,-30,31.321,-106.7
12.8763,57,-10,-29,30.676,-109.03
12.8763,58,-11,-31,32.894,-109.54
12.8763,59,-14,-37,39.56,-110.73
12.8763,60,-20,-34,39.446,-120.47
12.8763,61,-14,-23,26.926,-121.33
12.8763,62,-18,-40,43.863,-114.23
13.1525,0,-80,8,80.399,174.29
13.1525,1,0,-10,10.0,-90.0
13.1525,2,8,-1,8.062,-7.13
13.1525,3,11,11,15.556,45.0
13.1525,4,1,15,15.033,86.19
13.1525,5,11,22,24.597,63.43
13.1525,6,1,13,13.038,85.6
13.1525,7,0,22,22.0,90.0
13.1525,8,0,12,12.0,90.0
13.1525,9,6,16,17.088,69.44
13.1525,10,7,13,14.765,61.7
13.1525,11,-6,16,17.088,110.56
13.1525,12,-1,21,21.024,92.73
13.1525,13,0,16,16.0,90.0
13.1525,14,-5,13,13.928,111.04
13.1525,15,-7,15,16.553,115.02
13.1525,16,-4,9,9.849,113.96
13.1525,17,-3,5,5.831,120.96
13.1525,18,1,3,3.162,71.57
13.1525,19,6,4,7.211,33.69
13.1525,20,-2,1,2.236,153.43
13.1525,21,4,-6,7.211,-56.31
13.1525,22,6,-5,7.81,-39.81
13.1525,23,5,-10,11.18,-63.43
13.1525,24,7,-10,12.207,-55.01
13.1525,25,7,-13,14.765,-61.7
13.1525,26,10,0,10.0,0.0
13.1525,27,0,0,0.0,0.0
13.1525,28,0,0,0.0,0.0
13.1525,29,0,0,0.0,0.0
13.1525,30,0,0,0.0,0.0
13.1525,31,0,0,0.0,0.0
13.1525,32,0,0,0.0,0.0
13.1525,33,0,0,0.0,0.0
13.1525,34,0,0,0.0,0.0
13.1525,35,0,0,0.0,0.0
13.1525,36,0,0,0.0,0.0
13.1525,37,0,-2,2.0,-90.0
13.1525,38,-4,-5,6.403,-128.66
13.1525,39,-7,-2,7.28,-164.05
13.1525,40,-11,-2,11.18,-169.7
13.1525,41,-14,4,14.56,164.05
13.1525,42,-19,2,19.105,173.99
13.1525,43,-21,0,21.0,180.0
13.1525,44,-24,1,24.021,177.61
13.1525,45,-29,3,29.155,174.09
13.1525,46,-21,6,21.84,164.05
13.1525,47,-20,8,21.541,158.2
13.1525,48,-16,6,17.088,159.44
13.1525,49,-11,-3,11.402,-164.74
13.1525,50,-4,-7,8.062,-119.74
13.1525,51,-1,-8,8.062,-97.13
13.1525,52,6,-10,11.662,-59.04
13.1525,53,9,-14,16.643,-57.26
13.1525,54,13,-21,24.698,-58.24
13.1525,55,16,-15,21.932,-43.15
13.1525,56,19,-18,26.173,-43.45
13.1525,57,16,-19,24.839,-49.9
13.1525,58,29,-32,43.186,-47.82
13.1525,59,32,-25,40.608,-38.0
13.1525,60,22,-19,29.069,-40.82
13.1525,61,27,-28,38.897,-46.04
13.1525,62,21,-10,23.259,-25.46
13.1798,0,-80,8,80.399,174.29
13.1798,1,0,10,10.0,90.0
13.1798,2,-12,-12,16.971,-135.0
13.1798,3,-2,-18,18.111,-96.34
13.1798,4,1,-18,18.028,-86.82
13.1798,5,9,-21,22.847,-66.8
13.1798,6,23,-32,39.408,-54.29
13.1798,7,22,-29,36.401,-52.82
13.1798,8,11,-27,29.155,-67.83
13.1798,9,6,-19,19.925,-72.47
13.1798,10,25,-27,36.797,-47.2
13.1798,11,15,-17,22.672,-48.58
13.1798,12,19,-12,22.472,-32.28
13.1798,13,21,-2,21.095,-5.44
13.1798,14,9,-2,9.22,-12.53
13.1798,15,16,-7,17.464,-23.63
13.1798,16,20,-6,20.881,-16.7
13.1798,17,14,-5,14.866,-19.65
13.1798,18,13,-2,13.153,-8.75
13.1798,19,10,-6,11.662,-30.96
13.1798,20,5,-9,10.296,-60.95
13.1798,21,-1,-9,9.055,-96.34
13.1798,22,-2,-7,7.28,-105.95
13.1798,23,-14,-8,16.125,-150.26
13.1798,24,-16,-10,18.868,-147.99
13.1798,25,-15,-8,17.0,-151.93
13.1798,26,-17,0,17.0,180.0
13.1798,27,0,0,0.0,0.0
13.1798,28,0,0,0.0,0.0
13.1798,29,0,0,0.0,0.0
13.1798,30,0,0,0.0,0.0
13.1798,31,0,0,0.0,0.0
13.1798,32,0,0,0.0,0.0
13.1798,33,0,0,0.0,0.0
13.1798,34,0,0,0.0,0.0
13.1798,35,0,0,0.0,0.0
13.1798,36,0,0,0.0,0.0
13.1798,37,0,-2,2.0,-90.0
13.1798,38,2,0,2.0,0.0
13.1798,39,8,2,8.246,14.04
13.1798,40,17,-4,17.464,-13.24
13.1798,41,19,-7,20.248,-20.22
13.1798,42,23,-4,23.345,-9.87
13.1798,43,26,-5,26.476,-10.89
13.1798,44,28,-9,29.411,-17.82
13.1798,45,33,-16,36.674,-25.87
13.1798,46,34,-20,39.446,-30.47
13.1798,47,25,-13,28.178,-27.47
13.1798,48,26,-8,27.203,-17.1
13.1798,49,15,-3,15.297,-11.31
13.1798,50,6,3,6.708,26.57
13.1798,51,-4,4,5.657,135.0
13.1798,52,-11,16,19.416,124.51
13.1798,53,-14,19,23.601,126.38
13.1798,54,-23,17,28.601,143.53
13.1798,55,-28,20,34.409,144.46
13.1798,56,-34,8,34.928,166.76
13.1798,57,-30,20,36.056,146.31
13.1798,58,-44,8,44.721,169.7
13.1798,59,-38,19,42.485,153.43
13.1798,60,-60,20,63.246,161.57
13.1798,61,-38,14,40.497,159.78
13.1798,62,-44,8,44.721,169.7
13.2173,0,-80,8,80.399,174.29
13.2173,1,0,-5,5.0,-90.0
13.2173,2,0,-9,9.0,-90.0
13.2173,3,-4,-15,15.524,-104.93
13.2173,4,8,-17,18.788,-64.8
13.2173,5,-7,-22,23.087,-107.65
13.2173,6,-10,-28,29.732,-109.65
13.2173,7,-4,-23,23.345,-99.87
13.2173,8,3,-23,23.195,-82.57
13.2173,9,3,-20,20.224,-81.47
13.2173,10,1,-17,17.029,-86.63
13.2173,11,2,-17,17.117,-83.29
13.2173,12,-3,-17,17.263,-100.01
13.2173,13,5,-15,15.811,-71.57
13.2173,14,10,-14,17.205,-54.46
13.2173,15,10,-20,22.361,-63.43
13.2173,16,8,-13,15.264,-58.39
13.2173,17,4,-8,8.944,-63.43
13.2173,18,0,-6,6.0,-90.0
13.2173,19,0,-7,7.0,-90.0
13.2173,20,-5,4,6.403,141.34
13.2173,21,-3,1,3.162,161.57
13.2173,22,-9,2,9.22,167.47
13.2173,23,-11,4,11.705,160.02
13.2173,24,-8,8,11.314,135.0
13.2173,25,-19,7,20.248,159.78
13.2173,26,-10,0,10.0,180.0
13.2173,27,0,0,0.0,0.0
13.2173,28,0,0,0.0,0.0
13.2173,29,0,0,0.0,0.0
13.2173,30,0,0,0.0,0.0
13.2173,31,0,0,0.0,0.0
13.2173,32,0,0,0.0,0.0
13.2173,33,0,0,0.0,0.0
13.2173,34,0,0,0.0,0.0
13.2173,35,0,0,0.0,0.0
13.2173,36,0,0,0.0,0.0
13.2173,37,0,0,0.0,0.0
13.2173,38,2,-5,5.385,-68.2
13.2173,39,7,-9,11.402,-52.13
13.2173,40,10,-11,14.866,-47.73
13.2173,41,13,-10,16.401,-37.57
13.2173,42,16,-13,20.616,-39.09
13.2173,43,14,-19,23.601,-53.62
13.2173,44,20,-21,29.0,-46.4
13.2173,45,19,-20,27.586,-46.47
13.2173,46,16,-21,26.401,-52.7
13.2173,47,15,-21,25.807,-54.46
13.2173,48,6,-9,10.817,-56.31
13.2173,49,-1,-7,7.071,-98.13
13.2173,50,0,5,5.0,90.0
13.2173,51,2,7,7.28,74.05
13.2173,52,-5,12,13.0,112.62
13.2173,53,-7,13,14.765,118.3
13.2173,54,-7,21,22.136,108.43
13.2173,55,-9,22,23.77,112.25
13.2173,56,-15,26,30.017,119.98
13.2173,57,-15,34,37.162,113.81
13.2173,58,-20,30,36.056,123.69
13.2173,59,-26,35,43.6,126.61
13.2173,60,-17,30,34.482,119.54
13.2173,61,-17,16,23.345,136.74
13.2173,62,-15,18,23.431,129.81
13.2364,0,-80,8,80.399,174.29
13.2364,1,0,2,2.0,90.0
13.2364,2,13,6,14.318,24.78
13.2364,3,-5,17,17.72,106.39
13.2364,4,-10,6,11.662,149.04
13.2364,5,-8,29,30.083,105.42
13.2364,6,-2,13,13.153,98.75
13.2364,7,-4,25,25.318,99.09
13.2364,8,-7,21,22.136,108.43
13.2364,9,-13,21,24.698,121.76
13.2364,10,-4,11,11.705,109.98
13.2364,11,-16,6,17.088,159.44
13.2364,12,-9,-1,9.055,-173.66
13.2364,13,-21,5,21.587,166.61
13.2364,14,-15,13,19.849,139.09
13.2364,15,-15,9,17.493,149.04
13.2364,16,-12,1,12.042,175.24
13.2364,17,-18,-7,19.313,-158.75
13.2364,18,-4,0,4.0,180.0
13.2364,19,-3,2,3.606,146.31
13.2364,20,-13,10,16.401,142.43
13.2364,21,-3,6,6.708,116.57
13.2364,22,6,10,11.662,59.04
13.2364,23,4,10,10.77,68.2
13.2364,24,9,4,9.849,23.96
13.2364,25,10,2,10.198,11.31
13.2364,26,19,0,19.0,0.0
13.2364,27,0,0,0.0,0.0
13.2364,28,0,0,0.0,0.0
13.2364,29,0,0,0.0,0.0
13.2364,30,0,0,0.0,0.0
13.2364,31,0,0,0.0,0.0
13.2364,32,0,0,0.0,0.0
13.2364,33,0,0,0.0,0.0
13.2364,34,0,0,0.0,0.0
13.2364,35,0,0,0.0,0.0
13.2364,36,0,0,0.0,0.0
13.2364,37,0,1,1.0,90.0
13.2364,38,-4,5,6.403,128.66
13.2364,39,-17,1,17.029,176.63
13.2364,40,-11,8,13.601,143.97
13.2364,41,-22,12,25.06,151.39
13.2364,42,-14,17,22.023,129.47
13.2364,43,-21,18,27.659,139.4
13.2364,44,-21,19,28.32,137.86
13.2364,45,-21,16,26.401,142.7
13.2364,46,-21,19,28.32,137.86
13.2364,47,-16,20,25.612,128.66
13.2364,48,-13,14,19.105,132.88
13.2364,49,-6,6,8.485,135.0
13.2364,50,-3,-5,5.831,-120.96
13.2364,51,5,-10,11.18,-63.43
13.2364,52,1,-22,22.023,-87.4
13.2364,53,1,-15,15.033,-86.19
13.2364,54,14,-20,24.413,-55.01
13.2364,55,17,-27,31.906,-57.8
13.2364,56,21,-28,35.0,-53.13
13.2364,57,24,-21,31.89,-41.19
13.2364,58,31,-34,46.011,-47.64
13.2364,59,32,-32,45.255,-45.0
13.2364,60,26,-27,37.483,-46.08
13.2364,61,29,-29,41.012,-45.0
13.2364,62,23,-15,27.459,-33.11
60.4895,0,-80,8,80.399,174.29
60.4895,1,0,4,4.0,90.0
60.4895,2,12,15,19.209,51.34
60.4895,3,19,13,23.022,34.38
60.4895,4,21,15,25.807,35.54
60.4895,5,4,12,12.649,71.57
60.4895,6,-6,25,25.71,103.5
60.4895,7,-8,19,20.616,112.83
60.4895,8,-22,18,28.425,140.71
60.4895,9,-6,33,33.541,100.3
60.4895,10,-21,3,21.213,171.87
60.4895,11,-16,8,17.889,153.43
60.4895,12,-10,-14,17.205,-125.54
60.4895,13,2,-22,22.091,-84.81
60.4895,14,-9,-26,27.514,-109.09
60.4895,15,-14,-8,16.125,-150.26
60.4895,16,-21,-20,29.0,-136.4
60.4895,17,10,-5,11.18,-26.57
60.4895,18,3,1,3.162,18.43
60.4895,19,6,-6,8.485,-45.0
60.4895,20,2,13,13.153,81.25
60.4895,21,-10,20,22.361,116.57
60.4895,22,-9,25,26.571,109.8
60.4895,23,-4,37,37.216,96.17
60.4895,24,-4,35,35.228,96.52
60.4895,25,-15,44,46.487,108.82
60.4895,26,-8,0,8.0,180.0
60.4895,27,0,0,0.0,0.0
60.4895,28,0,0,0.0,0.0
60.4895,29,0,0,0.0,0.0
60.4895,30,0,0,0.0,0.0
60.4895,31,0,0,0.0,0.0
60.4895,32,0,0,0.0,0.0
60.4895,33,0,0,0.0,0.0
60.4895,34,0,0,0.0,0.0
60.4895,35,0,0,0.0,0.0
60.4895,36,0,0,0.0,0.0
60.4895,37,0,0,0.0,0.0
60.4895,38,-5,-13,13.928,-111.04
60.4895,39,-2,0,2.0,180.0
60.4895,40,-12,-3,12.369,-165.96
60.4895,41,-13,10,16.401,142.43
60.4895,42,-17,6,18.028,160.56
60.4895,43,-12,9,15.0,143.13
60.4895,44,-36,21,41.677,149.74
60.4895,45,-22,10,24.166,155.56
60.4895,46,-20,15,25.0,143.13
60.4895,47,-27,8,28.16,163.5
60.4895,48,-23,9,24.698,158.63
60.4895,49,-18,17,24.759,136.64
60.4895,50,-11,12,16.279,132.51
60.4895,51,-23,14,26.926,148.67
60.4895,52,-7,15,16.553,115.02
60.4895,53,-12,15,19.209,128.66
60.4895,54,2,23,23.087,85.03
60.4895,55,-14,11,17.804,141.84
60.4895,56,-15,12,19.209,141.34
60.4895,57,-7,14,15.652,116.57
60.4895,58,-12,10,15.62,140.19
60.4895,59,-6,16,17.088,110.56
60.4895,60,-4,23,23.345,99.87
60.4895,61,-1,12,12.042,94.76
60.4895,62,6,-1,6.083,-9.46
84.9971,0,-48,7,48.508,171.7
84.9971,1,0,13,13.0,90.0
84.9971,2,-27,11,29.155,157.83
84.9971,3,-12,4,12.649,161.57
84.9971,4,-19,-12,22.472,-147.72
84.9971,5,-22,-6,22.804,-164.74
84.9971,6,-20,-10,22.361,-153.43
84.9971,7,-18,-11,21.095,-148.57
84.9971,8,-16,-6,17.088,-159.44
84.9971,9,-9,-4,9.849,-156.04
84.9971,10,-6,-16,17.088,-110.56
84.9971,11,-8,-14,16.125,-119.74
84.9971,12,-1,-5,5.099,-101.31
84.9971,13,-8,-15,17.0,-118.07
84.9971,14,-1,-17,17.029,-93.37
84.9971,15,1,-23,23.022,-87.51
84.9971,16,-9,-25,26.571,-109.8
84.9971,17,-2,-25,25.08,-94.57
84.9971,18,-8,-26,27.203,-107.1
84.9971,19,-12,-23,25.942,-117.55
84.9971,20,-2,-16,16.125,-97.13
84.9971,21,-11,-11,15.556,-135.0
84.9971,22,-10,-20,22.361,-116.57
84.9971,23,-9,-5,10.296,-150.95
84.9971,24,-16,-18,24.083,-131.63
84.9971,25,-16,-6,17.088,-159.44
84.9971,26,-13,0,13.0,180.0
84.9971,27,0,0,0.0,0.0
84.9971,28,0,0,0.0,0.0
84.9971,29,0,0,0.0,0.0
84.9971,30,0,0,0.0,0.0
84.9971,31,0,0,0.0,0.0
84.9971,32,0,0,0.0,0.0
84.9971,33,0,0,0.0,0.0
84.9971,34,0,0,0.0,0.0
84.9971,35,0,0,0.0,0.0
84.9971,36,0,0,0.0,0.0
84.9971,37,0,3,3.0,90.0
84.9971,38,-19,4,19.416,168.11
84.9971,39,-18,3,18.248,170.54
84.9971,40,-19,0,19.0,180.0
84.9971,41,-17,3,17.263,169.99
84.9971,42,-18,-4,18.439,-167.47
84.9971,43,-17,1,17.029,176.63
84.9971,44,-17,0,17.0,180.0
84.9971,45,-20,-1,20.025,-177.14
84.9971,46,-29,-6,29.614,-168.31
84.9971,47,-24,1,24.021,177.61
84.9971,48,-29,4,29.275,172.15
84.9971,49,-36,6,36.497,170.54
84.9971,50,-43,17,46.239,158.43
84.9971,51,-27,-4,27.295,-171.57
84.9971,52,-36,16,39.395,156.04
84.9971,53,-34,17,38.013,153.43
84.9971,54,-32,17,36.235,152.02
84.9971,55,-17,15,22.672,138.58
84.9971,56,-16,6,17.088,159.44
84.9971,57,-13,7,14.765,151.7
84.9971,58,-19,-12,22.472,-147.72
84.9971,59,-13,-11,17.029,-139.76
84.9971,60,-7,-5,8.602,-144.46
84.9971,61,-7,12,13.892,120.26
84.9971,62,-26,-21,33.422,-141.07
85.373,0,-48,7,48.508,171.7
85.373,1,0,-12,12.0,-90.0
85.373,2,-9,-6,10.817,-146.31
85.373,3,-20,-18,26.907,-138.01
85.373,4,-27,-10,28.792,-159.68
85.373,5,-18,-12,21.633,-146.31
85.373,6,-9,-10,13.454,-131.99
85.373,7,2,-8,8.246,-75.96
85.373,8,-7,-11,13.038,-122.47
85.373,9,-11,-3,11.402,-164.74
85.373,10,-1,-13,13.038,-94.4
85.373,11,2,-8,8.246,-75.96
85.373,12,10,-8,12.806,-38.66
85.373,13,5,-1,5.099,-11.31
85.373,14,8,1,8.062,7.13
85.373,15,24,0,24.0,0.0
85.373,16,18,-1,18.028,-3.18
85.373,17,17,-9,19.235,-27.9
85.373,18,22,-16,27.203,-36.03
85.373,19,18,-5,18.682,-15.52
85.373,20,15,-2,15.133,-7.59
85.373,21,12,-4,12.649,-18.43
85.373,22,23,-8,24.352,-19.18
85.373,23,13,-8,15.264,-31.61
85.373,24,11,-1,11.045,-5.19
85.373,25,11,-13,17.029,-49.76
85.373,26,2,0,2.0,0.0
85.373,27,0,0,0.0,0.0
85.373,28,0,0,0.0,0.0
85.373,29,0,0,0.0,0.0
85.373,30,0,0,0.0,0.0
85.373,31,0,0,0.0,0.0
85.373,32,0,0,0.0,0.0
85.373,33,0,0,0.0,0.0
85.373,34,0,0,0.0,0.0
85.373,35,0,0,0.0,0.0
85.373,36,0,0,0.0,0.0
85.373,37,0,16,16.0,90.0
85.373,38,-1,15,15.033,93.81
85.373,39,1,13,13.038,85.6
85.373,40,2,13,13.153,81.25
85.373,41,0,13,13.0,90.0
85.373,42,-10,20,22.361,116.57
85.373,43,-4,14,14.56,105.95
85.373,44,-12,20,23.324,120.96
85.373,45,-15,20,25.0,126.87
85.373,46,-15,19,24.207,128.29
85.373,47,-12,19,22.472,122.28
85.373,48,-18,24,30.0,126.87
85.373,49,-20,29,35.228,124.59
85.373,50,-24,29,37.643,129.61
85.373,51,-23,34,41.049,124.08
85.373,52,-19,22,29.069,130.82
85.373,53,-19,23,29.833,129.56
85.373,54,-20,22,29.732,132.27
85.373,55,-17,20,26.249,130.36
85.373,56,-11,23,25.495,115.56
85.373,57,-7,16,17.464,113.63
85.373,58,-15,8,17.0,151.93
85.373,59,-15,-8,17.0,-151.93
85.373,60,-11,-18,21.095,-121.43
85.373,61,-17,-21,27.019,-128.99
85.373,62,-22,-12,25.06,-151.39
85.4083,0,-48,7,48.508,171.7
85.4083,1,0,-12,12.0,-90.0
85.4083,2,25,-19,31.401,-37.23
85.4083,3,11,-15,18.601,-53.75
85.4083,4,27,15,30.887,29.05
85.4083,5,28,-5,28.443,-10.12
85.4083,6,23,9,24.698,21.37
85.4083,7,18,5,18.682,15.52
85.4083,8,18,-8,19.698,-23.96
85.4083,9,8,-5,9.434,-32.01
85.4083,10,9,6,10.817,33.69
85.4083,11,3,-2,3.606,-33.69
85.4083,12,-11,7,13.038,147.53
85.4083,13,-4,15,15.524,104.93
85.4083,14,-7,16,17.464,113.63
85.4083,15,-9,19,21.024,115.35
85.4083,16,0,20,20.0,90.0
85.4083,17,-7,18,19.313,111.25
85.4083,18,-3,21,21.213,98.13
85.4083,19,0,24,24.0,90.0
85.4083,20,-3,23,23.195,97.43
85.4083,21,-2,17,17.117,96.71
85.4083,22,-5,17,17.72,106.39
85.4083,23,3,13,13.342,77.01
85.4083,24,4,15,15.524,75.07
85.4083,25,-2,15,15.133,97.59
85.4083,26,0,0,0.0,0.0
85.4083,27,0,0,0.0,0.0
85.4083,28,0,0,0.0,0.0
85.4083,29,0,0,0.0,0.0
85.4083,30,0,0,0.0,0.0
85.4083,31,0,0,0.0,0.0
85.4083,32,0,0,0.0,0.0
85.4083,33,0,0,0.0,0.0
85.4083,34,0,0,0.0,0.0
85.4083,35,0,0,0.0,0.0
85.4083,36,0,0,0.0,0.0
85.4083,37,0,-13,13.0,-90.0
85.4083,38,3,-15,15.297,-78.69
85.4083,39,3,-18,18.248,-80.54
85.4083,40,3,-14,14.318,-77.91
85.4083,41,2,-14,14.142,-81.87
85.4083,42,4,-13,13.601,-72.9
85.4083,43,7,-14,15.652,-63.43
85.4083,44,11,-18,21.095,-58.57
85.4083,45,11,-19,21.954,-59.93
85.4083,46,14,-16,21.26,-48.81
85.4083,47,13,-22,25.554,-59.42
85.4083,48,18,-24,30.0,-53.13
85.4083,49,18,-24,30.0,-53.13
85.4083,50,16,-31,34.886,-62.7
85.4083,51,17,-29,33.615,-59.62
85.4083,52,15,-30,33.541,-63.43
85.4083,53,9,-30,31.321,-73.3
85.4083,54,8,-23,24.352,-70.82
85.4083,55,4,-10,10.77,-68.2
85.4083,56,10,-13,16.401,-52.43
85.4083,57,12,-5,13.0,-22.62
85.4083,58,8,-9,12.042,-48.37
85.4083,59,0,-8,8.0,-90.0
85.4083,60,9,0,9.0,0.0
85.4083,61,18,4,18.439,12.53
85.4083,62,16,7,17.464,23.63
85.4298,0,-48,7,48.508,171.7
85.4298,1,0,-4,4.0,-90.0
85.4298,2,-23,-4,23.345,-170.13
85.4298,3,-23,-6,23.77,-165.38
85.4298,4,-14,9,16.643,147.26
85.4298,5,-18,-3,18.248,-170.54
85.4298,6,-19,-2,19.105,-173.99
85.4298,7,-15,-7,16.553,-154.98
85.4298,8,-16,-4,16.492,-165.96
85.4298,9,-7,-7,9.899,-135.0
85.4298,10,-3,-8,8.544,-110.56
85.4298,11,-17,-8,18.788,-154.8
85.4298,12,-3,-14,14.318,-102.09
85.4298,13,0,-10,10.0,-90.0
85.4298,14,-2,-15,15.133,-97.59
85.4298,15,-2,-21,21.095,-95.44
85.4298,16,-5,-27,27.459,-100.49
85.4298,17,1,-26,26.019,-87.8
85.4298,18,-9,-21,22.847,-113.2
85.4298,19,-14,-18,22.804,-127.87
85.4298,20,-10,-16,18.868,-122.01
85.4298,21,-10,-19,21.471,-117.76
85.4298,22,-9,-10,13.454,-131.99
85.4298,23,-12,-13,17.692,-132.71
85.4298,24,-12,-12,16.971,-135.0
85.4298,25,-6,-11,12.53,-118.61
85.4298,26,-3,0,3.0,180.0
85.4298,27,0,0,0.0,0.0
85.4298,28,0,0,0.0,0.0
85.4298,29,0,0,0.0,0.0
85.4298,30,0,0,0.0,0.0
85.4298,31,0,0,0.0,0.0
85.4298,32,0,0,0.0,0.0
85.4298,33,0,0,0.0,0.0
85.4298,34,0,0,0.0,0.0
85.4298,35,0,0,0.0,0.0
85.4298,36,0,0,0.0,0.0
85.4298,37,0,3,3.0,90.0
85.4298,38,-17,7,18.385,157.62
85.4298,39,-18,2,18.111,173.66
85.4298,40,-17,1,17.029,176.63
85.4298,41,-16,0,16.0,180.0
85.4298,42,-14,-3,14.318,-167.91
85.4298,43,-11,4,11.705,160.02
85.4298,44,-17,-2,17.117,-173.29
85.4298,45,-21,1,21.024,177.27
85.4298,46,-24,1,24.021,177.61
85.4298,47,-23,-1,23.022,-177.51
85.4298,48,-26,4,26.306,171.25
85.4298,49,-33,7,33.734,168.02
85.4298,50,-34,13,36.401,159.08
85.4298,51,-32,10,33.526,162.65
85.4298,52,-27,15,30.887,150.95
85.4298,53,-22,16,27.203,143.97
85.4298,54,-26,12,28.636,155.22
85.4298,55,-20,17,26.249,139.64
85.4298,56,-14,13,19.105,137.12
85.4298,57,-11,2,11.18,169.7
85.4298,58,-17,-1,17.029,-176.63
85.4298,59,-2,1,2.236,153.43
85.4298,60,-22,-10,24.166,-155.56
85.4298,61,-18,-11,21.095,-148.57
85.4298,62,-20,-23,30.48,-131.01
85.4749,0,-48,7,48.508,171.7
85.4749,1,0,-13,13.0,-90.0
85.4749,2,7,-8,10.63,-48.81
85.4749,3,17,-20,26.249,-49.64
85.4749,4,6,11,12.53,61.39
85.4749,5,10,1,10.05,5.71
85.4749,6,17,-2,17.117,-6.71
85.4749,7,14,4,14.56,15.95
85.4749,8,8,5,9.434,32.01
85.4749,9,12,1,12.042,4.76
85.4749,10,7,4,8.062,29.74
85.4749,11,3,6,6.708,63.43
85.4749,12,5,11,12.083,65.56
85.4749,13,-2,17,17.117,96.71
85.4749,14,-4,7,8.062,119.74
85.4749,15,-5,8,9.434,122.01
85.4749,16,-11,17,20.248,122.91
85.4749,17,-16,15,21.932,136.85
85.4749,18,-17,16,23.345,136.74
85.4749,19,-12,17,20.809,125.22
85.4749,20,-14,14,19.799,135.0
85.4749,21,-14,14,19.799,135.0
85.4749,22,-11,9,14.213,140.71
85.4749,23,-17,10,19.723,149.53
85.4749,24,-13,10,16.401,142.43
85.4749,25,-8,9,12.042,131.63
85.4749,26,-5,0,5.0,180.0
85.4749,27,0,0,0.0,0.0
85.4749,28,0,0,0.0,0.0
85.4749,29,0,0,0.0,0.0
85.4749,30,0,0,0.0,0.0
85.4749,31,0,0,0.0,0.0
85.4749,32,0,0,0.0,0.0
85.4749,33,0,0,0.0,0.0
85.4749,34,0,0,0.0,0.0
85.4749,35,0,0,0.0,0.0
85.4749,36,0,0,0.0,0.0
85.4749,37,0,0,0.0,0.0
85.4749,38,-16,-6,17.088,-159.44
85.4749,39,-18,-2,18.111,-173.66
85.4749,40,-17,-4,17.464,-166.76
85.4749,41,-12,-10,15.62,-140.19
85.4749,42,-9,-12,15.0,-126.87
85.4749,43,-14,-12,18.439,-139.4
85.4749,44,-10,-12,15.62,-129.81
85.4749,45,-8,-19,20.616,-112.83
85.4749,46,-13,-19,23.022,-124.38
85.4749,47,-5,-27,27.459,-100.49
85.4749,48,-2,-23,23.087,-94.97
85.4749,49,-11,-27,29.155,-112.17
85.4749,50,-11,-29,31.016,-110.77
85.4749,51,-11,-34,35.735,-107.93
85.4749,52,-10,-30,31.623,-108.43
85.4749,53,-10,-31,32.573,-107.88
85.4749,54,-13,-18,22.204,-125.84
85.4749,55,-9,-20,21.932,-114.23
85.4749,56,-14,-12,18.439,-139.4
85.4749,57,-2,-10,10.198,-101.31
85.4749,58,-10,-2,10.198,-168.69
85.4749,59,-5,0,5.0,180.0
85.4749,60,11,-7,13.038,-32.47
85.4749,61,20,-9,21.932,-24.23
85.4749,62,25,9,26.571,19.8
86.4908,0,-16,8,17.889,153.43
86.4908,1,0,8,8.0,90.0
86.4908,2,-18,11,21.095,148.57
86.4908,3,-27,12,29.547,156.04
86.4908,4,-16,22,27.203,126.03
86.4908,5,-10,17,19.723,120.47
86.4908,6,-27,8,28.16,163.5
86.4908,7,-18,13,22.204,144.16
86.4908,8,-25,6,25.71,166.5
86.4908,9,-17,5,17.72,163.61
86.4908,10,-13,12,17.692,137.29
86.4908,11,-19,8,20.616,157.17
86.4908,12,-11,12,16.279,132.51
86.4908,13,-10,9,13.454,138.01
86.4908,14,-10,14,17.205,125.54
86.4908,15,-4,13,13.601,107.1
86.4908,16,-1,10,10.05,95.71
86.4908,17,1,2,2.236,63.43
86.4908,18,5,8,9.434,57.99
86.4908,19,3,7,7.616,66.8
86.4908,20,5,2,5.385,21.8
86.4908,21,6,3,6.708,26.57
86.4908,22,1,2,2.236,63.43
86.4908,23,8,0,8.0,0.0
86.4908,24,8,-2,8.246,-14.04
86.4908,25,2,0,2.0,0.0
86.4908,26,2,0,2.0,0.0
86.4908,27,0,0,0.0,0.0
86.4908,28,0,0,0.0,0.0
86.4908,29,0,0,0.0,0.0
86.4908,30,0,0,0.0,0.0
86.4908,31,0,0,0.0,0.0
86.4908,32,0,0,0.0,0.0
86.4908,33,0,0,0.0,0.0
86.4908,34,0,0,0.0,0.0
86.4908,35,0,0,0.0,0.0
86.4908,36,0,0,0.0,0.0
86.4908,37,0,5,5.0,90.0
86.4908,38,-10,3,10.44,163.3
86.4908,39,-9,4,9.849,156.04
86.4908,40,-14,3,14.318,167.91
86.4908,41,-13,8,15.264,148.39
86.4908,42,-10,3,10.44,163.3
86.4908,43,-8,6,10.0,143.13
86.4908,44,-13,4,13.601,162.9
86.4908,45,-14,2,14.142,171.87
86.4908,46,-11,7,13.038,147.53
86.4908,47,-15,6,16.155,158.2
86.4908,48,-17,4,17.464,166.76
86.4908,49,-21,-2,21.095,-174.56
86.4908,50,-25,-1,25.02,-177.71
86.4908,51,-26,4,26.306,171.25
86.4908,52,-23,4,23.345,170.13
86.4908,53,-31,6,31.575,169.05
86.4908,54,-28,5,28.443,169.88
86.4908,55,-32,8,32.985,165.96
86.4908,56,-29,14,32.202,154.23
86.4908,57,-34,23,41.049,145.92
86.4908,58,-31,16,34.886,152.7
86.4908,59,-23,14,26.926,148.67
86.4908,60,-30,12,32.311,158.2
86.4908,61,-28,17,32.757,148.74
86.4908,62,-23,12,25.942,152.45
101.7105,0,-48,7,48.508,171.7
101.7105,1,0,9,9.0,90.0
101.7105,2,6,7,9.22,49.4
101.7105,3,15,0,15.0,0.0
101.7105,4,16,-1,16.031,-3.58
101.7105,5,20,7,21.19,19.29
101.7105,6,28,5,28.443,10.12
101.7105,7,27,6,27.659,12.53
101.7105,8,32,11,33.838,18.97
101.7105,9,30,17,34.482,29.54
101.7105,10,19,18,26.173,43.45
101.7105,11,27,24,36.125,41.63
101.7105,12,16,20,25.612,51.34
101.7105,13,21,21,29.698,45.0
101.7105,14,14,17,22.023,50.53
101.7105,15,10,28,29.732,70.35
101.7105,16,9,6,10.817,33.69
101.7105,17,3,10,10.44,73.3
101.7105,18,0,1,1.0,90.0
101.7105,19,-4,0,4.0,180.0
101.7105,20,-4,-8,8.944,-116.57
101.7105,21,-3,-9,9.487,-108.43
101.7105,22,-7,-11,13.038,-122.47
101.7105,23,-7,-14,15.652,-116.57
101.7105,24,-13,-15,19.849,-130.91
101.7105,25,-10,-10,14.142,-135.0
101.7105,26,-11,0,11.0,180.0
101.7105,27,0,0,0.0,0.0
101.7105,28,0,0,0.0,0.0
101.7105,29,0,0,0.0,0.0
101.7105,30,0,0,0.0,0.0
101.7105,31,0,0,0.0,0.0
101.7105,32,0,0,0.0,0.0
101.7105,33,0,0,0.0,0.0
101.7105,34,0,0,0.0,0.0
101.7105,35,0,0,0.0,0.0
101.7105,36,0,0,0.0,0.0
101.7105,37,0,-16,16.0,-90.0
101.7105,38,-7,-16,17.464,-113.63
101.7105,39,-14,-22,26.077,-122.47
101.7105,40,-12,-20,23.324,-120.96
101.7105,41,-15,-18,23.431,-129.81
101.7105,42,-12,-22,25.06,-118.61
101.7105,43,-13,-19,23.022,-124.38
101.7105,44,-12,-24,26.833,-116.57
101.7105,45,-13,-24,27.295,-118.44
101.7105,46,-10,-23,25.08,-113.5
101.7105,47,-5,-23,23.537,-102.26
101.7105,48,-2,-23,23.087,-94.97
101.7105,49,-1,-22,22.023,-92.6
101.7105,50,-2,-19,19.105,-96.01
101.7105,51,-2,-15,15.133,-97.59
101.7105,52,-5,-13,13.928,-111.04
101.7105,53,-10,-11,14.866,-132.27
101.7105,54,-14,-4,14.56,-164.05
101.7105,55,-16,5,16.763,162.65
101.7105,56,-21,9,22.847,156.8
101.7105,57,-23,14,26.926,148.67
101.7105,58,-26,18,31.623,145.3
101.7105,59,-27,19,33.015,144.87
101.7105,60,-28,21,35.0,143.13
101.7105,61,-24,19,30.61,141.63
101.7105,62,-21,15,25.807,144.46
101.8474,0,-48,7,48.508,171.7
101.8474,1,0,10,10.0,90.0
101.8474,2,-4,15,15.524,104.93
101.8474,3,0,20,20.0,90.0
101.8474,4,6,23,23.77,75.38
101.8474,5,7,22,23.087,72.35
101.8474,6,7,29,29.833,76.43
101.8474,7,4,29,29.275,82.15
101.8474,8,9,28,29.411,72.18
101.8474,9,1,29,29.017,88.03
101.8474,10,0,30,30.0,90.0
101.8474,11,-14,24,27.785,120.26
101.8474,12,-18,25,30.806,125.75
101.8474,13,-13,23,26.42,119.48
101.8474,14,-18,16,24.083,138.37
101.8474,15,-16,7,17.464,156.37
101.8474,16,-10,12,15.62,129.81
101.8474,17,-12,2,12.166,170.54
101.8474,18,-3,0,3.0,180.0
101.8474,19,-1,3,3.162,108.43
101.8474,20,-1,-6,6.083,-99.46
101.8474,21,4,-10,10.77,-68.2
101.8474,22,6,-10,11.662,-59.04
101.8474,23,10,-12,15.62,-50.19
101.8474,24,11,-15,18.601,-53.75
101.8474,25,7,-16,17.464,-66.37
101.8474,26,6,0,6.0,0.0
101.8474,27,0,0,0.0,0.0
101.8474,28,0,0,0.0,0.0
101.8474,29,0,0,0.0,0.0
101.8474,30,0,0,0.0,0.0
101.8474,31,0,0,0.0,0.0
101.8474,32,0,0,0.0,0.0
101.8474,33,0,0,0.0,0.0
101.8474,34,0,0,0.0,0.0
101.8474,35,0,0,0.0,0.0
101.8474,36,0,0,0.0,0.0
101.8474,37,0,-17,17.0,-90.0
101.8474,38,6,-18,18.974,-71.57
101.8474,39,9,-19,21.024,-64.65
101.8474,40,11,-22,24.597,-63.43
101.8474,41,10,-26,27.857,-68.96
101.8474,42,10,-21,23.259,-64.54
101.8474,43,10,-22,24.166,-65.56
101.8474,44,11,-19,21.954,-59.93
101.8474,45,14,-20,24.413,-55.01
101.8474,46,15,-17,22.672,-48.58
101.8474,47,18,-12,21.633,-33.69
101.8474,48,18,-13,22.204,-35.84
101.8474,49,21,-8,22.472,-20.85
101.8474,50,17,-9,19.235,-27.9
101.8474,51,15,-11,18.601,-36.25
101.8474,52,16,-9,18.358,-29.36
101.8474,53,11,-16,19.416,-55.49
101.8474,54,3,-14,14.318,-77.91
101.8474,55,-3,-19,19.235,-98.97
101.8474,56,-13,-21,24.698,-121.76
101.8474,57,-20,-16,25.612,-141.34
101.8474,58,-24,-17,29.411,-144.69
101.8474,59,-28,-17,32.757,-148.74
101.8474,60,-28,-18,33.287,-147.26
101.8474,61,-30,-13,32.696,-156.57
101.8474,62,-28,-9,29.411,-162.18
101.8811,0,-48,7,48.508,171.7
101.8811,1,0,-2,2.0,-90.0
101.8811,2,7,-8,10.63,-48.81
101.8811,3,10,-7,12.207,-34.99
101.8811,4,9,-18,20.125,-63.43
101.8811,5,17,-18,24.759,-46.64
101.8811,6,16,-18,24.083,-48.37
101.8811,7,18,-19,26.173,-46.55
101.8811,8,25,-15,29.155,-30.96
101.8811,9,26,-11,28.231,-22.93
101.8811,10,26,-6,26.683,-12.99
101.8811,11,31,0,31.0,0.0
101.8811,12,29,1,29.017,1.97
101.8811,13,28,0,28.0,0.0
101.8811,14,32,3,32.14,5.36
101.8811,15,23,3,23.195,7.43
101.8811,16,17,2,17.117,6.71
101.8811,17,15,4,15.524,14.93
101.8811,18,8,3,8.544,20.56
101.8811,19,4,-4,5.657,-45.0
101.8811,20,-4,-5,6.403,-128.66
101.8811,21,-6,-2,6.325,-161.57
101.8811,22,-6,-4,7.211,-146.31
101.8811,23,-15,-7,16.553,-154.98
101.8811,24,-17,-2,17.117,-173.29
101.8811,25,-21,-1,21.024,-177.27
101.8811,26,-16,0,16.0,180.0
101.8811,27,0,0,0.0,0.0
101.8811,28,0,0,0.0,0.0
101.8811,29,0,0,0.0,0.0
101.8811,30,0,0,0.0,0.0
101.8811,31,0,0,0.0,0.0
101.8811,32,0,0,0.0,0.0
101.8811,33,0,0,0.0,0.0
101.8811,34,0,0,0.0,0.0
101.8811,35,0,0,0.0,0.0
101.8811,36,0,0,0.0,0.0
101.8811,37,0,2,2.0,90.0
101.8811,38,-19,1,19.026,176.99
101.8811,39,-20,2,20.1,174.29
101.8811,40,-21,1,21.024,177.27
101.8811,41,-25,1,25.02,177.71
101.8811,42,-24,0,24.0,180.0
101.8811,43,-24,0,24.0,180.0
101.8811,44,-28,-6,28.636,-167.91
101.8811,45,-26,-6,26.683,-167.01
101.8811,46,-25,-10,26.926,-158.2
101.8811,47,-25,-11,27.313,-156.25
101.8811,48,-23,-11,25.495,-154.44
101.8811,49,-21,-13,24.698,-148.24
101.8811,50,-18,-12,21.633,-146.31
101.8811,51,-18,-9,20.125,-153.43
101.8811,52,-15,-2,15.133,-172.41
101.8811,53,-12,3,12.369,165.96
101.8811,54,-11,12,16.279,132.51
101.8811,55,-11,18,21.095,121.43
101.8811,56,-11,28,30.083,111.45
101.8811,57,-8,36,36.878,102.53
101.8811,58,3,31,31.145,84.47
101.8811,59,2,30,30.067,86.19
101.8811,60,-3,34,34.132,95.04
101.8811,61,0,26,26.0,90.0
101.8811,62,11,18,21.095,58.57
101.9099,0,-48,7,48.508,171.7
101.9099,1,0,-14,14.0,-90.0
101.9099,2,-14,-4,14.56,-164.05
101.9099,3,-15,8,17.0,151.93
101.9099,4,-18,1,18.028,176.82
101.9099,5,-16,8,17.889,153.43
101.9099,6,-24,10,26.0,157.38
101.9099,7,-28,9,29.411,162.18
101.9099,8,-23,-2,23.087,-175.03
101.9099,9,-27,-7,27.893,-165.47
101.9099,10,-29,-9,30.364,-162.76
101.9099,11,-27,-13,29.967,-154.29
101.9099,12,-32,-15,35.341,-154.89
101.9099,13,-28,-15,31.765,-151.82
101.9099,14,-21,-15,25.807,-144.46
101.9099,15,-19,-14,23.601,-143.62
101.9099,16,-14,-12,18.439,-139.4
101.9099,17,-9,-7,11.402,-142.13
101.9099,18,-5,-5,7.071,-135.0
101.9099,19,-2,0,2.0,180.0
101.9099,20,2,4,4.472,63.43
101.9099,21,1,8,8.062,82.87
101.9099,22,8,10,12.806,51.34
101.9099,23,10,13,16.401,52.43
101.9099,24,13,11,17.029,40.24
101.9099,25,14,12,18.439,40.6
101.9099,26,14,0,14.0,0.0
101.9099,27,0,0,0.0,0.0
101.9099,28,0,0,0.0,0.0
101.9099,29,0,0,0.0,0.0
101.9099,30,0,0,0.0,0.0
101.9099,31,0,0,0.0,0.0
101.9099,32,0,0,0.0,0.0
101.9099,33,0,0,0.0,0.0
101.9099,34,0,0,0.0,0.0
101.9099,35,0,0,0.0,0.0
101.9099,36,0,0,0.0,0.0
101.9099,37,0,-3,3.0,-90.0
101.9099,38,17,-4,17.464,-13.24
101.9099,39,21,-3,21.213,-8.13
101.9099,40,20,-3,20.224,-8.53
101.9099,41,22,-3,22.204,-7.77
101.9099,42,25,-3,25.179,-6.84
101.9099,43,25,3,25.179,6.84
101.9099,44,24,5,24.515,11.77
101.9099,45,25,7,25.962,15.64
101.9099,46,25,10,26.926,21.8
101.9099,47,24,10,26.0,22.62
101.9099,48,20,14,24.413,34.99
101.9099,49,19,15,24.207,38.29
101.9099,50,19,11,21.954,30.07
101.9099,51,16,9,18.358,29.36
101.9099,52,12,3,12.369,14.04
101.9099,53,13,-3,13.342,-12.99
101.9099,54,8,-6,10.0,-36.87
101.9099,55,12,-17,20.809,-54.78
101.9099,56,7,-24,25.0,-73.74
101.9099,57,11,-25,27.313,-66.25
101.9099,58,7,-33,33.734,-78.02
101.9099,59,7,-28,28.862,-75.96
101.9099,60,8,-38,38.833,-78.11
101.9099,61,11,-30,31.953,-69.86
101.9099,62,-1,-24,24.021,-92.39
101.9494,0,-48,7,48.508,171.7
101.9494,1,0,5,5.0,90.0
101.9494,2,3,7,7.616,66.8
101.9494,3,12,-1,12.042,-4.76
101.9494,4,19,1,19.026,3.01
101.9494,5,22,0,22.0,0.0
101.9494,6,28,1,28.018,2.05
101.9494,7,29,8,30.083,15.42
101.9494,8,32,14,34.928,23.63
101.9494,9,28,9,29.411,17.82
101.9494,10,29,18,34.132,31.83
101.9494,11,25,21,32.65,40.03
101.9494,12,30,22,37.202,36.25
101.9494,13,18,27,32.45,56.31
101.9494,14,24,15,28.302,32.01
101.9494,15,11,14,17.804,51.84
101.9494,16,13,16,20.616,50.91
101.9494,17,9,13,15.811,55.3
101.9494,18,2,3,3.606,56.31
101.9494,19,0,-2,2.0,-90.0
101.9494,20,-4,-6,7.211,-123.69
101.9494,21,-2,-11,11.18,-100.3
101.9494,22,-8,-11,13.601,-126.03
101.9494,23,-10,-10,14.142,-135.0
101.9494,24,-11,-9,14.213,-140.71
101.9494,25,-12,-9,15.0,-143.13
101.9494,26,-15,0,15.0,180.0
101.9494,27,0,0,0.0,0.0
101.9494,28,0,0,0.0,0.0
101.9494,29,0,0,0.0,0.0
101.9494,30,0,0,0.0,0.0
101.9494,31,0,0,0.0,0.0
101.9494,32,0,0,0.0,0.0
101.9494,33,0,0,0.0,0.0
101.9494,34,0,0,0.0,0.0
101.9494,35,0,0,0.0,0.0
101.9494,36,0,0,0.0,0.0
101.9494,37,0,-12,12.0,-90.0
101.9494,38,-7,-19,20.248,-110.22
101.9494,39,-7,-26,26.926,-105.07
101.9494,40,-6,-24,24.739,-104.04
101.9494,41,-3,-23,23.195,-97.43
101.9494,42,-9,-19,21.024,-115.35
101.9494,43,-5,-25,25.495,-101.31
101.9494,44,-8,-27,28.16,-106.5
101.9494,45,-6,-25,25.71,-103.5
101.9494,46,-4,-23,23.345,-99.87
101.9494,47,0,-20,20.0,-90.0
101.9494,48,2,-21,21.095,-84.56
101.9494,49,5,-23,23.537,-77.74
101.9494,50,2,-20,20.1,-84.29
101.9494,51,0,-19,19.0,-90.0
101.9494,52,-2,-15,15.133,-97.59
101.9494,53,-7,-9,11.402,-127.87
101.9494,54,-10,-5,11.18,-153.43
101.9494,55,-17,3,17.263,169.99
101.9494,56,-23,9,24.698,158.63
101.9494,57,-27,11,29.155,157.83
101.9494,58,-29,17,33.615,149.62
101.9494,59,-32,19,37.216,149.3
101.9494,60,-32,17,36.235,152.02
101.9494,61,-27,20,33.601,143.47
101.9494,62,-24,17,29.411,144.69
117.9797,0,-48,7,48.508,171.7
117.9797,1,0,9,9.0,90.0
117.9797,2,-4,12,12.649,108.43
117.9797,3,-4,16,16.492,104.04
117.9797,4,-6,18,18.974,108.43
117.9797,5,-8,20,21.541,111.8
117.9797,6,-10,19,21.471,117.76
117.9797,7,-11,19,21.954,120.07
117.9797,8,-13,17,21.401,127.41
117.9797,9,-14,15,20.518,133.03
117.9797,10,-14,14,19.799,135.0
117.9797,11,-13,12,17.692,137.29
117.9797,12,-11,11,15.556,135.0
117.9797,13,-9,10,13.454,131.99
117.9797,14,-7,10,12.207,124.99
117.9797,15,-3,10,10.44,106.7
117.9797,16,0,11,11.0,90.0
117.9797,17,3,12,12.369,75.96
117.9797,18,5,13,13.928,68.96
117.9797,19,7,13,14.765,61.7
117.9797,20,9,14,16.643,57.26
117.9797,21,10,14,17.205,54.46
117.9797,22,10,14,17.205,54.46
117.9797,23,11,13,17.029,49.76
117.9797,24,11,11,15.556,45.0
117.9797,25,10,8,12.806,38.66
117.9797,26,10,0,10.0,0.0
117.9797,27,0,0,0.0,0.0
117.9797,28,0,0,0.0,0.0
117.9797,29,0,0,0.0,0.0
117.9797,30,0,0,0.0,0.0
117.9797,31,0,0,0.0,0.0
117.9797,32,0,0,0.0,0.0
117.9797,33,0,0,0.0,0.0
117.9797,34,0,0,0.0,0.0
117.9797,35,0,0,0.0,0.0
117.9797,36,0,0,0.0,0.0
117.9797,37,0,-24,24.0,-90.0
117.9797,38,10,-24,26.0,-67.38
117.9797,39,11,-25,27.313,-66.25
117.9797,40,11,-25,27.313,-66.25
117.9797,41,12,-24,26.833,-63.43
117.9797,42,12,-21,24.187,-60.26
117.9797,43,11,-19,21.954,-59.93
117.9797,44,10,-17,19.723,-59.53
117.9797,45,7,-14,15.652,-63.43
117.9797,46,4,-13,13.601,-72.9
117.9797,47,0,-10,10.0,-90.0
117.9797,48,-5,-8,9.434,-122.01
117.9797,49,-10,-7,12.207,-145.01
117.9797,50,-15,-7,16.553,-154.98
117.9797,51,-20,-8,21.541,-158.2
117.9797,52,-24,-9,25.632,-159.44
117.9797,53,-27,-11,29.155,-157.83
117.9797,54,-28,-13,30.871,-155.1
117.9797,55,-28,-14,31.305,-153.43
117.9797,56,-28,-16,32.249,-150.26
117.9797,57,-27,-17,31.906,-147.8
117.9797,58,-24,-16,28.844,-146.31
117.9797,59,-21,-15,25.807,-144.46
117.9797,60,-16,-13,20.616,-140.91
117.9797,61,-13,-9,15.811,-145.3
117.9797,62,-9,-5,10.296,-150.95
118.1221,0,-48,7,48.508,171.7
118.1221,1,0,-7,7.0,-90.0
118.1221,2,3,-9,9.487,-71.57
118.1221,3,4,-11,11.705,-70.02
118.1221,4,5,-12,13.0,-67.38
118.1221,5,6,-12,13.416,-63.43
118.1221,6,7,-12,13.892,-59.74
118.1221,7,9,-12,15.0,-53.13
118.1221,8,9,-11,14.213,-50.71
118.1221,9,10,-10,14.142,-45.0
118.1221,10,10,-9,13.454,-41.99
118.1221,11,9,-8,12.042,-41.63
118.1221,12,8,-8,11.314,-45.0
118.1221,13,6,-7,9.22,-49.4
118.1221,14,5,-7,8.602,-54.46
118.1221,15,3,-8,8.544,-69.44
118.1221,16,1,-9,9.055,-83.66
118.1221,17,0,-10,10.0,-90.0
118.1221,18,-2,-11,11.18,-100.3
118.1221,19,-3,-11,11.402,-105.26
118.1221,20,-4,-12,12.649,-108.43
118.1221,21,-5,-12,13.0,-112.62
118.1221,22,-5,-12,13.0,-112.62
118.1221,23,-5,-11,12.083,-114.44
118.1221,24,-5,-10,11.18,-116.57
118.1221,25,-5,-9,10.296,-119.05
118.1221,26,-6,0,6.0,180.0
118.1221,27,0,0,0.0,0.0
118.1221,28,0,0,0.0,0.0
118.1221,29,0,0,0.0,0.0
118.1221,30,0,0,0.0,0.0
118.1221,31,0,0,0.0,0.0
118.1221,32,0,0,0.0,0.0
118.1221,33,0,0,0.0,0.0
118.1221,34,0,0,0.0,0.0
118.1221,35,0,0,0.0,0.0
118.1221,36,0,0,0.0,0.0
118.1221,37,0,16,16.0,90.0
118.1221,38,-5,16,16.763,107.35
118.1221,39,-6,16,17.088,110.56
118.1221,40,-6,16,17.088,110.56
118.1221,41,-7,15,16.553,115.02
118.1221,42,-7,14,15.652,116.57
118.1221,43,-7,12,13.892,120.26
118.1221,44,-6,11,12.53,118.61
118.1221,45,-4,9,9.849,113.96
118.1221,46,-2,8,8.246,104.04
118.1221,47,0,6,6.0,90.0
118.1221,48,3,5,5.831,59.04
118.1221,49,7,4,8.062,29.74
118.1221,50,10,4,10.77,21.8
118.1221,51,12,5,13.0,22.62
118.1221,52,15,6,16.155,21.8
118.1221,53,17,7,18.385,22.38
118.1221,54,17,8,18.788,25.2
118.1221,55,18,9,20.125,26.57
118.1221,56,17,10,19.723,30.47
118.1221,57,16,10,18.868,32.01
118.1221,58,15,10,18.028,33.69
118.1221,59,12,9,15.0,36.87
118.1221,60,9,8,12.042,41.63
118.1221,61,8,6,10.0,36.87
118.1221,62,6,3,6.708,26.57
118.1423,0,-48,7,48.508,171.7
118.1423,1,0,-12,12.0,-90.0
118.1423,2,1,-16,16.031,-86.42
118.1423,3,2,-20,20.1,-84.29
118.1423,4,2,-23,23.087,-85.03
118.1423,5,4,-24,24.331,-80.54
118.1423,6,6,-24,24.739,-75.96
118.1423,7,7,-24,25.0,-73.74
118.1423,8,9,-22,23.77,-67.75
118.1423,9,10,-20,22.361,-63.43
118.1423,10,11,-18,21.095,-58.57
118.1423,11,10,-17,19.723,-59.53
118.1423,12,9,-15,17.493,-59.04
118.1423,13,7,-14,15.652,-63.43
118.1423,14,5,-14,14.866,-70.35
118.1423,15,2,-13,13.153,-81.25
118.1423,16,-2,-13,13.153,-98.75
118.1423,17,-5,-14,14.866,-109.65
118.1423,18,-7,-14,15.652,-116.57
118.1423,19,-10,-15,18.028,-123.69
118.1423,20,-11,-16,19.416,-124.51
118.1423,21,-13,-16,20.616,-129.09
118.1423,22,-13,-16,20.616,-129.09
118.1423,23,-14,-15,20.518,-133.03
118.1423,24,-14,-13,19.105,-137.12
118.1423,25,-13,-10,16.401,-142.43
118.1423,26,-13,0,13.0,180.0
118.1423,27,0,0,0.0,0.0
118.1423,28,0,0,0.0,0.0
118.1423,29,0,0,0.0,0.0
118.1423,30,0,0,0.0,0.0
118.1423,31,0,0,0.0,0.0
118.1423,32,0,0,0.0,0.0
118.1423,33,0,0,0.0,0.0
118.1423,34,0,0,0.0,0.0
118.1423,35,0,0,0.0,0.0
118.1423,36,0,0,0.0,0.0
118.1423,37,0,28,28.0,90.0
118.1423,38,1,29,29.017,88.03
118.1423,39,0,30,30.0,90.0
118.1423,40,0,29,29.0,90.0
118.1423,41,-1,29,29.017,91.97
118.1423,42,-2,26,26.077,94.4
118.1423,43,-2,23,23.087,94.97
118.1423,44,-1,20,20.025,92.86
118.1423,45,0,16,16.0,90.0
118.1423,46,2,13,13.153,81.25
118.1423,47,5,8,9.434,57.99
118.1423,48,9,4,9.849,23.96
118.1423,49,13,2,13.153,8.75
118.1423,50,18,0,18.0,0.0
118.1423,51,23,-1,23.022,-2.49
118.1423,52,26,-1,26.019,-2.2
118.1423,53,30,1,30.017,1.91
118.1423,54,32,3,32.14,5.36
118.1423,55,33,5,33.377,8.62
118.1423,56,33,7,33.734,11.98
118.1423,57,33,9,34.205,15.26
118.1423,58,29,9,30.364,17.24
118.1423,59,26,10,27.857,21.04
118.1423,60,21,9,22.847,23.2
118.1423,61,17,6,18.028,19.44
118.1423,62,13,2,13.153,8.75
118.19,0,-48,7,48.508,171.7
118.19,1,0,7,7.0,90.0
118.19,2,-8,11,13.601,126.03
118.19,3,-11,14,17.804,128.16
118.19,4,-14,15,20.518,133.03
118.19,5,-16,15,21.932,136.85
118.19,6,-20,14,24.413,145.01
118.19,7,-21,13,24.698,148.24
118.19,8,-22,11,24.597,153.43
118.19,9,-22,9,23.77,157.75
118.19,10,-21,8,22.472,159.15
118.19,11,-19,7,20.248,159.78
118.19,12,-18,7,19.313,158.75
118.19,13,-14,7,15.652,153.43
118.19,14,-12,9,15.0,143.13
118.19,15,-9,10,13.454,131.99
118.19,16,-5,13,13.928,111.04
118.19,17,-3,15,15.297,101.31
118.19,18,-1,16,16.031,93.58
118.19,19,0,18,18.0,90.0
118.19,20,2,19,19.105,83.99
118.19,21,3,20,20.224,81.47
118.19,22,3,19,19.235,81.03
118.19,23,3,18,18.248,80.54
118.19,24,4,17,17.464,76.76
118.19,25,5,14,14.866,70.35
118.19,26,6,0,6.0,0.0
118.19,27,0,0,0.0,0.0
118.19,28,0,0,0.0,0.0
118.19,29,0,0,0.0,0.0
118.19,30,0,0,0.0,0.0
118.19,31,0,0,0.0,0.0
118.19,32,0,0,0.0,0.0
118.19,33,0,0,0.0,0.0
118.19,34,0,0,0.0,0.0
118.19,35,0,0,0.0,0.0
118.19,36,0,0,0.0,0.0
118.19,37,0,-20,20.0,-90.0
118.19,38,21,-20,29.0,-43.6
118.19,39,22,-21,30.414,-43.67
118.19,40,23,-20,30.48,-41.01
118.19,41,23,-18,29.206,-38.05
118.19,42,23,-16,28.018,-34.82
118.19,43,21,-15,25.807,-35.54
118.19,44,18,-14,22.804,-37.87
118.19,45,15,-13,19.849,-40.91
118.19,46,11,-12,16.279,-47.49
118.19,47,5,-13,13.928,-68.96
118.19,48,-1,-13,13.038,-94.4
118.19,49,-7,-14,15.652,-116.57
118.19,50,-12,-17,20.809,-125.22
118.19,51,-17,-19,25.495,-131.82
118.19,52,-20,-22,29.732,-132.27
118.19,53,-23,-24,33.242,-133.78
118.19,54,-24,-26,35.384,-132.71
118.19,55,-23,-27,35.468,-130.43
118.19,56,-21,-28,35.0,-126.87
118.19,57,-20,-27,33.601,-126.53
118.19,58,-16,-25,29.682,-122.62
118.19,59,-13,-23,26.42,-119.48
118.19,60,-9,-18,20.125,-116.57
118.19,61,-7,-14,15.652,-116.57
118.19,62,-6,-8,10.0,-126.87
118.2089,0,-48,7,48.508,171.7
118.2089,1,0,-8,8.0,-90.0
118.2089,2,8,-12,14.422,-56.31
118.2089,3,10,-15,18.028,-56.31
118.2089,4,14,-15,20.518,-46.97
118.2089,5,16,-15,21.932,-43.15
118.2089,6,19,-15,24.207,-38.29
118.2089,7,20,-13,23.854,-33.02
118.2089,8,21,-12,24.187,-29.74
118.2089,9,21,-10,23.259,-25.46
118.2089,10,21,-9,22.847,-23.2
118.2089,11,19,-8,20.616,-22.83
118.2089,12,17,-8,18.788,-25.2
118.2089,13,13,-9,15.811,-34.7
118.2089,14,11,-10,14.866,-42.27
118.2089,15,8,-11,13.601,-53.97
118.2089,16,5,-14,14.866,-70.35
118.2089,17,2,-16,16.125,-82.87
118.2089,18,0,-18,18.0,-90.0
118.2089,19,-1,-19,19.026,-93.01
118.2089,20,-3,-20,20.224,-98.53
118.2089,21,-4,-21,21.378,-100.78
118.2089,22,-4,-21,21.378,-100.78
118.2089,23,-5,-19,19.647,-104.74
118.2089,24,-5,-17,17.72,-106.39
118.2089,25,-6,-15,16.155,-111.8
118.2089,26,-7,0,7.0,180.0
118.2089,27,0,0,0.0,0.0
118.2089,28,0,0,0.0,0.0
118.2089,29,0,0,0.0,0.0
118.2089,30,0,0,0.0,0.0
118.2089,31,0,0,0.0,0.0
118.2089,32,0,0,0.0,0.0
118.2089,33,0,0,0.0,0.0
118.2089,34,0,0,0.0,0.0
118.2089,35,0,0,0.0,0.0
118.2089,36,0,0,0.0,0.0
118.2089,37,0,18,18.0,90.0
118.2089,38,-23,18,29.206,141.95
118.2089,39,-23,18,29.206,141.95
118.2089,40,-25,17,30.232,145.78
118.2089,41,-25,16,29.682,147.38
118.2089,42,-25,14,28.653,150.75
118.2089,43,-23,13,26.42,150.52
118.2089,44,-20,12,23.324,149.04
118.2089,45,-16,12,20.0,143.13
118.2089,46,-12,11,16.279,137.49
118.2089,47,-7,12,13.892,120.26
118.2089,48,0,13,13.0,90.0
118.2089,49,5,14,14.866,70.35
118.2089,50,12,16,20.0,53.13
118.2089,51,16,19,24.839,49.9
118.2089,52,19,22,29.069,49.18
118.2089,53,22,24,32.558,47.49
118.2089,54,22,26,34.059,49.76
118.2089,55,21,27,34.205,52.13
118.2089,56,20,28,34.409,54.46
118.2089,57,18,27,32.45,56.31
118.2089,58,15,26,30.017,60.02
118.2089,59,11,22,24.597,63.43
118.2089,60,8,18,19.698,66.04
118.2089,61,6,13,14.318,65.22
118.2089,62,5,7,8.602,54.46
